"start","end","date","dev_id","enumerator","enumerator_other","language","county","ward","hh_id","hh_id_m","livestock_species","sex","cattle_age","camel_age","sheep_age","goat_age","donkey_age","rabbit_age","chicken_age","cattle_breed","cattle_breed_other","camel_breed","camel_breed_other","sheep_breed","sheep_breed_other","goat_breed","goat_breed_other","rabbit_breed","rabbit_breed_other","chicken_breed","chicken_breed_other","bcs_cattle","bcs","body_temp","Serum_blood_parentID","Serum_blood_parentID_m","EDTA_blood_aliquot1","EDTA_blood_aliquot1_m","EDTA_blood_aliquot2","EDTA_blood_aliquot2_m","short_term_selected","gps_logger_id","long_term_selected","ceres_tag_vid","female_syndromes","female_syndromes.still_birth","female_syndromes.abortion","female_syndromes.retained_placenta","female_syndromes.weak_calf_kid_lamb","female_syndromes.failed_to_conceive","female_syndromes.none","female_syndromes.dont_know","other_female_syndromes","swollen_joints","male_syndromes","male_syndromes.swollen_testes","male_syndromes.haemorrhage_symptoms","male_syndromes.none","notes","X_id","X_uuid","X_submission_time","X_validation_status","X_notes","X_status","X_submitted_by","X__version__","X_tags","X_index"
"2024-04-25T10:34:49.138+03:00","2024-05-17T19:14:09.558+03:00","2024-04-25","collect:W7gdBJ4Ypb4GvukP","2",,"local","samburu","porro","DHH010001",,"goat","female",,,,"over_1yr",,,,,,,,,,"cross_breed",,,,,,,3,39,"DSR000033",,"DLQ000037","DDT000000","DLQ000038","DDT000000","yes",8,"no",,"none",0,0,0,0,0,1,0,"no","no",,,,,,333139612,"6e86eb4c-d00a-4b05-bae9-47ca98d96d53","2024-04-25T12:21:51",,,"submitted_via_web","dtra_nk","vQPPHUnLfQR9p6qfRnE8dp",,1
"2024-04-25T11:19:00.998+03:00","2024-05-17T19:13:06.334+03:00","2024-04-25","collect:W7gdBJ4Ypb4GvukP","2",,"local","samburu","porro","DHH010001",,"goat","female",,,,"over_1yr",,,,,,,,,,"cross_breed",,,,,,,3,39,"DSR000034",,"DLQ000039","DDT000000","DLQ000040","DDT000000","no",,"no",,"none",0,0,0,0,0,1,0,"no","no",,,,,,333139630,"821ad312-c658-4d77-b531-c597409c1030","2024-04-25T12:21:57",,,"submitted_via_web","dtra_nk","vQPPHUnLfQR9p6qfRnE8dp",,2
"2024-04-25T11:25:23.441+03:00","2024-05-17T19:11:30.515+03:00","2024-04-25","collect:W7gdBJ4Ypb4GvukP","other","Dickson","swahili","samburu","porro","DHH010001",,"goat","female",,,,"over_1yr",,,,,,,,,,"cross_breed",,,,,,,2,39,"DSR000035",,"DLQ000041","DDT000000","DLQ000042","DDT000000","no",,"no",,"none",0,0,0,0,0,1,0,"no","no",,,,,,333140611,"8879e4de-0e55-4910-bca4-e10df71f5476","2024-04-25T12:24:16",,,"submitted_via_web","dtra_nk","vQPPHUnLfQR9p6qfRnE8dp",,3
"2024-04-25T11:28:46.485+03:00","2024-05-17T19:11:04.109+03:00","2024-04-25","collect:W7gdBJ4Ypb4GvukP","2",,"local","samburu","porro","DHH010001",,"sheep","female",,,"over_1yr",,,,,,,,,"red_masai",,,,,,,,,3,39,"DSR000036",,"DLQ000043","DDT000000","DLQ000045","DDT000000","yes",4,"no",,"none",0,0,0,0,0,1,0,"no","no",,,,,,333140620,"3a932786-6d85-4921-a59b-2da1df74e2b2","2024-04-25T12:24:17",,,"submitted_via_web","dtra_nk","vQPPHUnLfQR9p6qfRnE8dp",,4
"2024-04-25T11:37:15.462+03:00","2024-05-17T19:18:34.416+03:00","2024-04-25","collect:W7gdBJ4Ypb4GvukP","2",,"local","samburu","porro","DHH010001",,"sheep","male",,,"over_1yr",,,,,,,,,"dorper",,,,,,,,,3,39,"DSR000037",,"DLQ000044","DDT000000","DLQ000046","DDT000000","no",,"no",,,,,,,,,,,"no","none",0,0,1,,333140645,"f8cd8760-0b9f-4044-90ab-bd348298ea41","2024-04-25T12:24:20",,,"submitted_via_web","dtra_nk","vQPPHUnLfQR9p6qfRnE8dp",,5
"2024-04-25T11:45:37.313+03:00","2024-05-17T19:10:36.708+03:00","2024-04-25","collect:W7gdBJ4Ypb4GvukP","2",,"local","samburu","porro","DHH010001",,"sheep","female",,,"six_to_twelve_months",,,,,,,,,"red_masai",,,,,,,,,3,39,"DSR000038",,"DLQ000047","DDT000000","DLQ000048","DDT000000","no",,"no",,"none",0,0,0,0,0,1,0,"no","no",,,,,,333140764,"12164284-9360-4213-8730-73d95ae0893b","2024-04-25T12:24:34",,,"submitted_via_web","dtra_nk","vQPPHUnLfQR9p6qfRnE8dp",,6
"2024-04-25T11:55:05.018+03:00","2024-05-17T19:10:12.501+03:00","2024-04-25","collect:W7gdBJ4Ypb4GvukP","2",,"local","samburu","porro","DHH010001",,"chicken","female",,,,,,,"more_than_17_wks",,,,,,,,,,,"indegenous",,,,42,"DSR000040",,"DLQ000005","DDT000000","DLQ000006","DDT000000","no",,"no",,,,,,,,,,,,,,,,,333140769,"3d2e5750-0178-48ec-ab5a-d6c8deca398f","2024-04-25T12:24:35",,,"submitted_via_web","dtra_nk","vQPPHUnLfQR9p6qfRnE8dp",,7
"2024-04-25T12:01:44.378+03:00","2024-05-17T19:09:47.453+03:00","2024-04-25","collect:W7gdBJ4Ypb4GvukP","2",,"local","samburu","porro","DHH010001",,"chicken","male",,,,,,,"more_than_17_wks",,,,,,,,,,,"indegenous",,,,42,"DSR000039",,"DLQ000049","DDT000000","DLQ000050","DDT000000","no",,"no",,,,,,,,,,,,,,,,,333140776,"ed7fbb4f-129b-4159-8cb8-e817769910f4","2024-04-25T12:24:35",,,"submitted_via_web","dtra_nk","vQPPHUnLfQR9p6qfRnE8dp",,8
"2024-04-26T07:32:34.829+03:00","2024-04-26T07:55:56.044+03:00","2024-04-26","collect:W7gdBJ4Ypb4GvukP","2",,"local","samburu","porro","DHH010002",,"cattle","female","over_3_yrs",,,,,,,"zebu",,,,,,,,,,,,7,,38,"DSR000041",,"DDT000004",,"DDT000005",,"yes",6,"no",,"none",0,0,0,0,0,1,0,"no","no",,,,,,333632935,"afe1141a-b6ce-45bc-a2b0-4c4208f972c1","2024-04-26T19:08:47",,,"submitted_via_web","dtra_nk","vNamFDtoZUpH82GGzGwQKa",,9
"2024-04-26T07:48:23.842+03:00","2024-04-26T07:53:19.369+03:00","2024-04-26","collect:W7gdBJ4Ypb4GvukP","2",,"local","samburu","porro","DHH010002",,"cattle","female","six_months_to_year_calf",,,,,,,"zebu",,,,,,,,,,,,7,,36,"DSR000042",,"DDT000006",,"DDT000007",,"no",,"no",,,,,,,,,,"no","no",,,,,,333632940,"b8612996-6d2b-4b5d-a1b4-9dc0835160e0","2024-04-26T19:08:48",,,"submitted_via_web","dtra_nk","vNamFDtoZUpH82GGzGwQKa",,10
"2024-04-26T08:09:54.523+03:00","2024-04-26T08:27:18.768+03:00","2024-04-26","collect:W7gdBJ4Ypb4GvukP","2",,"local","samburu","porro","DHH010002",,"camel","female",,"over_4_yrs",,,,,,,,"somali",,,,,,,,,,,3,38,"DSR000043",,"DDT000008",,"DDT000009",,"yes",7,"yes","2207B1969","none",0,0,0,0,0,1,0,"no","no",,,,,,333632948,"e048a8f6-980e-4384-aa1f-26af4d2ac813","2024-04-26T19:08:50",,,"submitted_via_web","dtra_nk","vNamFDtoZUpH82GGzGwQKa",,11
"2024-04-26T08:31:30.088+03:00","2024-04-26T08:34:56.470+03:00","2024-04-26","collect:W7gdBJ4Ypb4GvukP","2",,"local","samburu","porro","DHH010002",,"camel","male",,"less_than_six_months",,,,,,,,"somali",,,,,,,,,,,3,34,"DSR000044",,"DDT000010",,"DDT000011",,"no",,"no",,,,,,,,,,,"no","none",0,0,1,,333632949,"6eed1d55-4400-4464-bf57-3c937c407129","2024-04-26T19:08:51",,,"submitted_via_web","dtra_nk","vNamFDtoZUpH82GGzGwQKa",,12
"2024-04-26T08:40:49.374+03:00","2024-04-26T08:48:52.315+03:00","2024-04-26","collect:W7gdBJ4Ypb4GvukP","2",,"local","samburu","porro","DHH010002",,"sheep","female",,,"over_1yr",,,,,,,,,"red_masai",,,,,,,,,2,37,"DSR000045",,"DDT000022",,"DDT000023",,"no",,"no",,"none",0,0,0,0,0,1,0,"no","no",,,,,,333632954,"204f1b2f-79e5-4e93-91ea-44871ddf87d8","2024-04-26T19:08:51",,,"submitted_via_web","dtra_nk","vNamFDtoZUpH82GGzGwQKa",,13
"2024-04-26T08:52:24.438+03:00","2024-04-26T08:59:33.488+03:00","2024-04-26","collect:W7gdBJ4Ypb4GvukP","2",,"local","samburu","porro","DHH010002",,"sheep","male",,,"over_1yr",,,,,,,,,"dorper",,,,,,,,,3,37,"DSR000046",,"DDT000012",,"DDT000013",,"yes",5,"no",,,,,,,,,,,"no","none",0,0,1,,333632956,"37436244-50ca-457f-8b7a-37d68fae4c29","2024-04-26T19:08:52",,,"submitted_via_web","dtra_nk","vNamFDtoZUpH82GGzGwQKa",,14
"2024-04-26T09:04:53.677+03:00","2024-04-26T09:15:02.486+03:00","2024-04-26","collect:W7gdBJ4Ypb4GvukP","2",,"local","samburu","porro","DHH010002",,"goat","female",,,,"over_1yr",,,,,,,,,,"cross_breed",,,,,,,1,37,"DSR000047",,"DDT000014",,"DDT000015",,"no",,"no",,"none",0,0,0,0,0,1,0,"no","no",,,,,,333632960,"d8381705-d76b-456d-857b-6e80b7adcbea","2024-04-26T19:08:53",,,"submitted_via_web","dtra_nk","vNamFDtoZUpH82GGzGwQKa",,15
"2024-04-26T09:15:25.553+03:00","2024-04-26T09:22:00.824+03:00","2024-04-26","collect:W7gdBJ4Ypb4GvukP","2",,"local","samburu","porro","DHH010002",,"goat","male",,,,"over_1yr",,,,,,,,,,"cross_breed",,,,,,,3,37,"DSR000048",,"DDT000016",,"DDT000017",,"yes",3,"no",,,,,,,,,,,"no","none",0,0,1,,333632964,"64494952-fdb7-4d55-a49b-aa5f67e3981b","2024-04-26T19:08:55",,,"submitted_via_web","dtra_nk","vNamFDtoZUpH82GGzGwQKa",,16
"2024-04-26T10:33:39.352+03:00","2024-04-26T22:05:06.978+03:00","2024-04-26","collect:xrIEUbZY74xsroUV","other","Daniel","swahili","samburu","porro","DHH010002",,"chicken","male",,,,,,,"eight_to_seventeen_wks",,,,,,,,,,,"indegenous",,,,41,,"DSR000055",,"DDT000092",,"DDT000093","no",,"no",,,,,,,,,,,,,,,,,333633219,"2e5a944f-c7e3-4051-8642-4ebe2c99c96d","2024-04-26T19:10:14",,,"submitted_via_web","dtra_nk","vNamFDtoZUpH82GGzGwQKa",,17
"2024-04-26T10:48:14.542+03:00","2024-04-26T10:50:29.214+03:00","2024-04-26","collect:xrIEUbZY74xsroUV","1",,"swahili","samburu","porro","DHH010002",,"chicken","male",,,,,,,"more_than_17_wks",,,,,,,,,,,"indegenous",,,,41,,"DSR000056",,"DDT000094",,"DDT000095","no",,"no",,,,,,,,,,,,,,,,,333633236,"c932160f-d3b1-48c6-9104-9de42fb71441","2024-04-26T19:10:18",,,"submitted_via_web","dtra_nk","vNamFDtoZUpH82GGzGwQKa",,18
"2024-04-27T07:47:34.265+03:00","2024-04-28T21:22:59.016+03:00","2024-04-27","collect:W7gdBJ4Ypb4GvukP","other","Daniel","swahili","samburu","porro","DHH010003",,"cattle","female","over_3_yrs",,,,,,,"cross_breed",,,,,,,,,,,,6,,38,"DSR000028",,"DDT000141",,"DDT000142",,"no",,"no",,"none",0,0,0,0,0,1,0,"no","no",,,,,"Healthy cattle",334086694,"6c8aba66-02d1-49ce-89c4-095f50484050","2024-04-28T18:29:28",,,"submitted_via_web","dtra_nk","vNamFDtoZUpH82GGzGwQKa",,19
"2024-04-27T07:58:22.473+03:00","2024-05-15T08:56:25.844+03:00","2024-04-27","collect:W7gdBJ4Ypb4GvukP","1",,"local","samburu","porro","DHH010003",,"cattle","female","wearners_subadults_1_3yrs",,,,,,,"zebu",,,,,,,,,,,,7,,38,,"DSR111122","DDT000143",,"DDT000144",,"yes",1,"yes","2207B1780","none",0,0,0,0,0,1,0,"no","no",,,,,"Healthy female cattle",334086709,"8101c37c-272f-45a6-bcf5-9d91035cd39c","2024-04-28T18:29:31",,,"submitted_via_web","dtra_nk","vNamFDtoZUpH82GGzGwQKa",,20
"2024-04-27T08:12:08.970+03:00","2024-05-15T08:56:59.314+03:00","2024-04-27","collect:W7gdBJ4Ypb4GvukP","1",,"local","samburu","porro","DHH010003",,"camel","female",,"over_4_yrs",,,,,,,,"turkana",,,,,,,,,,,3,36,,"DSR111123","DDT000145",,"DDT000146",,"yes",2,"no",,"none",0,0,0,0,0,1,0,"no","no",,,,,"Healthy camel",334086714,"b5e99c44-b0e8-49a8-9913-c39e5990693d","2024-04-28T18:29:32",,,"submitted_via_web","dtra_nk","vNamFDtoZUpH82GGzGwQKa",,21
"2024-04-27T08:29:55.338+03:00","2024-05-15T08:57:24.279+03:00","2024-04-27","collect:W7gdBJ4Ypb4GvukP","1",,"local","samburu","porro","DHH010003",,"sheep","female",,,"over_1yr",,,,,,,,,"dorper",,,,,,,,,3,37,,"DSR111124",,"DDT000147","DDT000148",,"no",,"no",,"none",0,0,0,0,0,1,0,"no","no",,,,,"Healthy sheep",334086718,"ee0d722a-f34c-400b-a8bb-da08a6a630f8","2024-04-28T18:29:33",,,"submitted_via_web","dtra_nk","vNamFDtoZUpH82GGzGwQKa",,22
"2024-04-27T08:38:06.748+03:00","2024-05-15T08:57:51.394+03:00","2024-04-27","collect:W7gdBJ4Ypb4GvukP","1",,"local","samburu","porro","DHH010003",,"sheep","male",,,"over_1yr",,,,,,,,,"dorper",,,,,,,,,3,38,,"DSR111125","DDT000149",,"DDT000150",,"yes",9,"no",,,,,,,,,,,"no","none",0,0,1,"Healthy sheep",334086724,"ab141dc5-5f02-4565-b370-e29b22d3e33b","2024-04-28T18:29:34",,,"submitted_via_web","dtra_nk","vNamFDtoZUpH82GGzGwQKa",,23
"2024-04-27T08:42:35.194+03:00","2024-05-15T08:58:45.194+03:00","2024-04-27","collect:W7gdBJ4Ypb4GvukP","1",,"local","samburu","porro","DHH010003",,"goat","female",,,,"over_1yr",,,,,,,,,,"cross_breed",,,,,,,3,38,,"DSR111126","DDT000151",,"DDT000152",,"no",,"no",,"none",0,0,0,0,0,1,0,"no","no",,,,,"Healthy goat",334086727,"911b13b6-3274-428c-8a42-909022f89e6c","2024-04-28T18:29:35",,,"submitted_via_web","dtra_nk","vNamFDtoZUpH82GGzGwQKa",,24
"2024-04-27T08:48:30.577+03:00","2024-05-15T08:59:29.919+03:00","2024-04-27","collect:W7gdBJ4Ypb4GvukP","1",,"local","samburu","porro","DHH010003",,"sheep","male",,,"six_to_twelve_months",,,,,,,,,"dorper",,,,,,,,,3,38,,"DSR111127","DDT000153",,"DDT000154",,"no",,"no",,,,,,,,,,,"no","none",0,0,1,"Healthy sheep",334086731,"f5e5114f-6011-4380-9e69-fa31a68a4e17","2024-04-28T18:29:35",,,"submitted_via_web","dtra_nk","vNamFDtoZUpH82GGzGwQKa",,25
"2024-04-27T08:58:13.589+03:00","2024-05-15T09:00:25.986+03:00","2024-04-27","collect:W7gdBJ4Ypb4GvukP","1",,"local","samburu","porro","DHH010003",,"goat","female",,,,"over_1yr",,,,,,,,,,"cross_breed",,,,,,,3,37,,"DSR111128","DDT000155",,"DDT000156",,"no",,"no",,"none",0,0,0,0,0,1,0,"no","no",,,,,"Healthy goat",334086736,"ce910953-202c-4de5-bd1e-b9a9d39870b2","2024-04-28T18:29:36",,,"submitted_via_web","dtra_nk","vNamFDtoZUpH82GGzGwQKa",,26
"2024-04-27T09:02:37.669+03:00","2024-05-15T09:01:09.303+03:00","2024-04-27","collect:W7gdBJ4Ypb4GvukP","other","Dickson","local","samburu","porro","DHH010003",,"chicken","male",,,,,,,"more_than_17_wks",,,,,,,,,,,"indegenous",,,,41,,"DSR111129","DDT000020",,"DDT000021",,"no",,"no",,,,,,,,,,,,,,,,"Healthy cock",334086741,"bb5a8150-bde9-4259-9251-5749f305bbd5","2024-04-28T18:29:37",,,"submitted_via_web","dtra_nk","vNamFDtoZUpH82GGzGwQKa",,27
"2024-04-27T09:12:17.039+03:00","2024-05-15T09:02:00.164+03:00","2024-04-27","collect:W7gdBJ4Ypb4GvukP","other","Dickson","local","samburu","porro","DHH010003",,"chicken","female",,,,,,,"eight_to_seventeen_wks",,,,,,,,,,,"indegenous",,,,42,,"DSR111130","DDT000018",,"DDT000157",,"no",,"no",,,,,,,,,,,,,,,,"Healthy chicken",334086745,"7a5b3626-73ad-4eda-9d9f-b4f5bf60d9cc","2024-04-28T18:29:38",,,"submitted_via_web","dtra_nk","vNamFDtoZUpH82GGzGwQKa",,28
"2024-04-28T08:10:23.124+03:00","2024-05-15T09:03:26.400+03:00","2024-04-28","collect:W7gdBJ4Ypb4GvukP","other","Daniel","local","samburu","porro","DHH010004",,"goat","female",,,,"over_1yr",,,,,,,,,,"cross_breed",,,,,,,2,38,,"DSR111131","DDT000158",,"DDT000159",,"no",,"no",,"none",0,0,0,0,0,1,0,"no","no",,,,,,334086751,"aa0ea982-6d3c-42f3-8e81-392a069eb7c3","2024-04-28T18:29:39",,,"submitted_via_web","dtra_nk","vNamFDtoZUpH82GGzGwQKa",,29
"2024-04-28T08:16:42.975+03:00","2024-05-15T09:03:57.476+03:00","2024-04-28","collect:W7gdBJ4Ypb4GvukP","other","Daniel","local","samburu","porro","DHH010004",,"sheep","female",,,"over_1yr",,,,,,,,,"other","Crossbreed",,,,,,,,3,37,,"DSR111132","DDT000160",,,"DDT000161","no",,"no",,"none",0,0,0,0,0,1,0,"no","no",,,,,,334086755,"8536a661-e2d3-483b-b940-32d604713ad0","2024-04-28T18:29:39",,,"submitted_via_web","dtra_nk","vNamFDtoZUpH82GGzGwQKa",,30
"2024-04-28T08:24:59.893+03:00","2024-05-15T09:04:32.194+03:00","2024-04-28","collect:W7gdBJ4Ypb4GvukP","other","Daniel","local","samburu","porro","DHH010004",,"sheep","female",,,"over_1yr",,,,,,,,,"other","Crossbreed",,,,,,,,3,38,,"DSR111133","DDT000162",,"DDT000163",,"no",,"no",,"none",0,0,0,0,0,1,0,"no","no",,,,,"The animal has mucus secretions.",334086758,"55a951fc-02e2-40f3-a71d-bad9c0e6f87a","2024-04-28T18:29:40",,,"submitted_via_web","dtra_nk","vNamFDtoZUpH82GGzGwQKa",,31
"2024-04-28T08:30:37.865+03:00","2024-05-15T09:05:06.954+03:00","2024-04-28","collect:W7gdBJ4Ypb4GvukP","other","Daniel","local","samburu","porro","DHH010004",,"sheep","female",,,"less_than_six_months",,,,,,,,,"other","Crossbreed",,,,,,,,3,40,,"DSR111134","DDT000164",,,"DDT000165","no",,"no",,,,,,,,,,"no","no",,,,,,334086762,"dd659f13-8b79-4b98-95a2-bc5db79f0f7f","2024-04-28T18:29:41",,,"submitted_via_web","dtra_nk","vNamFDtoZUpH82GGzGwQKa",,32
"2024-04-28T08:41:57.835+03:00","2024-05-15T09:06:04.125+03:00","2024-04-28","collect:W7gdBJ4Ypb4GvukP","other","Daniel","local","samburu","porro","DHH010004",,"sheep","female",,,"over_1yr",,,,,,,,,"other","Crossbreed",,,,,,,,3,38,,"DSR111135",,"DDT000166",,"DDT000167","no",,"no",,"none",0,0,0,0,0,1,0,"no","no",,,,,,334086766,"0d36905e-d2e6-4132-b8ab-ebbf6d251f6c","2024-04-28T18:29:42",,,"submitted_via_web","dtra_nk","vNamFDtoZUpH82GGzGwQKa",,33
"2024-04-28T08:49:20.206+03:00","2024-05-15T09:06:57.853+03:00","2024-04-28","collect:W7gdBJ4Ypb4GvukP","other","Daniel","local","samburu","porro","DHH010004",,"sheep","female",,,"over_1yr",,,,,,,,,"other","Crossbreed",,,,,,,,3,38,,"DSR111136",,"DDT000168",,"DDT000181","no",,"no",,"none",0,0,0,0,0,1,0,"yes","no",,,,,"Redness of vulva. Recently mated",334086770,"f29e2e97-1055-475b-a604-3e33d8d45515","2024-04-28T18:29:43",,,"submitted_via_web","dtra_nk","vNamFDtoZUpH82GGzGwQKa",,34
"2024-04-28T09:04:14.150+03:00","2024-04-28T21:25:07.414+03:00","2024-04-28","collect:W7gdBJ4Ypb4GvukP","other","Daniel","local","samburu","porro","DHH010004",,"cattle","male","six_months_to_year_calf",,,,,,,"cross_breed",,,,,,,,,,,,7,,38,,"DSR000057","DDT000182",,"DDT000183",,"no",,"no",,,,,,,,,,,"no","none",0,0,1,,334086775,"b2554558-c642-4218-a251-3f0a7e769a2b","2024-04-28T18:29:44",,,"submitted_via_web","dtra_nk","vNamFDtoZUpH82GGzGwQKa",,35
"2024-04-28T09:08:17.614+03:00","2024-04-28T21:25:12.426+03:00","2024-04-28","collect:W7gdBJ4Ypb4GvukP","other","Daniel","local","samburu","porro","DHH010004",,"cattle","female","six_months_to_year_calf",,,,,,,"cross_breed",,,,,,,,,,,,5,,39,,"DSR000058","DDT000184",,"DDT000185",,"no",,"no",,,,,,,,,,"no","no",,,,,,334086779,"03b62d03-4383-42fc-a49f-eb7f4535eb65","2024-04-28T18:29:44",,,"submitted_via_web","dtra_nk","vNamFDtoZUpH82GGzGwQKa",,36
"2024-04-28T09:30:25.347+03:00","2024-04-28T21:25:23.304+03:00","2024-04-28","collect:W7gdBJ4Ypb4GvukP","other","Daniel","local","samburu","porro","DHH010004",,"chicken","female",,,,,,,"eight_to_seventeen_wks",,,,,,,,,,,"indegenous",,,,41,,"DSR000059","DDT000186",,"DDT000187",,"no",,"no",,,,,,,,,,,,,,,,,334086784,"afa4cf47-dce6-4ca6-ac42-e0369aa17434","2024-04-28T18:29:45",,,"submitted_via_web","dtra_nk","vNamFDtoZUpH82GGzGwQKa",,37
"2024-04-28T09:33:15.559+03:00","2024-04-28T21:25:27.912+03:00","2024-04-28","collect:W7gdBJ4Ypb4GvukP","other","Daniel","local","samburu","porro","DHH010004",,"chicken","male",,,,,,,"eight_to_seventeen_wks",,,,,,,,,,,"indegenous",,,,42,,"DSR000060","DDT000188",,"DDT000189",,"no",,"no",,,,,,,,,,,,,,,,,334086787,"2417b31c-cf75-4965-b500-a8981d52081f","2024-04-28T18:29:46",,,"submitted_via_web","dtra_nk","vNamFDtoZUpH82GGzGwQKa",,38
"2024-04-29T08:53:30.020+03:00","2024-04-29T10:38:15.174+03:00","2024-04-29","collect:W7gdBJ4Ypb4GvukP","2",,"local","samburu","porro","DHH010005",,"sheep","female",,,"over_1yr",,,,,,,,,"other","Cross breed",,,,,,,,3,38,,"DSR000068","DDT000122",,"DDT000123",,"no",,"no",,"none",0,0,0,0,0,1,0,"no","no",,,,,,334405950,"d811ade8-a8ed-4aaf-ac83-2fe67ce11978","2024-04-29T19:27:17",,,"submitted_via_web","dtra_nk","vNamFDtoZUpH82GGzGwQKa",,39
"2024-04-29T08:57:19.752+03:00","2024-04-29T10:38:31.404+03:00","2024-04-29","collect:W7gdBJ4Ypb4GvukP","2",,"local","samburu","porro","DHH010005",,"sheep","female",,,"over_1yr",,,,,,,,,"other","Cross breed",,,,,,,,3,38,,"DSR000069","DDT000124",,,"DDT000125","no",,"no",,"none",0,0,0,0,0,1,0,"no","no",,,,,,334405955,"37493341-9d72-4d59-90b9-321ce22ebac0","2024-04-29T19:27:18",,,"submitted_via_web","dtra_nk","vNamFDtoZUpH82GGzGwQKa",,40
"2024-04-29T09:02:51.051+03:00","2024-04-29T10:38:43.257+03:00","2024-04-29","collect:W7gdBJ4Ypb4GvukP","2",,"local","samburu","porro","DHH010005",,"sheep","male",,,"over_1yr",,,,,,,,,"dorper",,,,,,,,,4,38,,"DSR000070","DDT000126",,"DDT000127",,"no",,"no",,,,,,,,,,,"no","haemorrhage_symptoms",0,1,0,"Redness of the prepuce",334405958,"47078edf-dcfc-40b2-bfb1-9e82ae7b202f","2024-04-29T19:27:19",,,"submitted_via_web","dtra_nk","vNamFDtoZUpH82GGzGwQKa",,41
"2024-04-29T09:07:10.929+03:00","2024-04-29T10:38:55.539+03:00","2024-04-29","collect:W7gdBJ4Ypb4GvukP","2",,"local","samburu","porro","DHH010005",,"sheep","female",,,"over_1yr",,,,,,,,,"dorper",,,,,,,,,3,38,,"DSR000071","DDT000128",,"DDT000129",,"no",,"no",,"none",0,0,0,0,0,1,0,"no","no",,,,,,334405963,"3c91e26d-e347-4163-a817-6faa3ccaccf6","2024-04-29T19:27:20",,,"submitted_via_web","dtra_nk","vNamFDtoZUpH82GGzGwQKa",,42
"2024-04-29T09:11:17.709+03:00","2024-04-29T10:39:07.079+03:00","2024-04-29","collect:W7gdBJ4Ypb4GvukP","2",,"local","samburu","porro","DHH010005",,"sheep","male",,,"six_to_twelve_months",,,,,,,,,"dorper",,,,,,,,,3,38,,"DSR000072","DDT000130",,"DDT000131",,"no",,"no",,,,,,,,,,,"no","none",0,0,1,,334405967,"43161371-657f-46a1-9061-25d2d5e7de1c","2024-04-29T19:27:22",,,"submitted_via_web","dtra_nk","vNamFDtoZUpH82GGzGwQKa",,43
"2024-04-29T09:19:22.973+03:00","2024-04-29T10:39:28.400+03:00","2024-04-29","collect:W7gdBJ4Ypb4GvukP","2",,"local","samburu","porro","DHH010005",,"goat","female",,,,"less_than_six_months",,,,,,,,,,"cross_breed",,,,,,,3,38,,"DSR000073","DDT000132",,"DDT000133",,"no",,"no",,,,,,,,,,"no","no",,,,,,334405971,"03e6bed5-6add-47e7-bb52-6cd280f4c448","2024-04-29T19:27:23",,,"submitted_via_web","dtra_nk","vNamFDtoZUpH82GGzGwQKa",,44
"2024-04-29T09:23:39.190+03:00","2024-04-29T10:39:42.478+03:00","2024-04-29","collect:W7gdBJ4Ypb4GvukP","2",,"local","samburu","porro","DHH010005",,"chicken","male",,,,,,,"more_than_17_wks",,,,,,,,,,,"indegenous",,,,41,,"DSR000074","DDT000134",,"DDT000135",,"no",,"no",,,,,,,,,,,,,,,,,334405976,"240db076-2338-4fe2-b0e7-a00052821453","2024-04-29T19:27:24",,,"submitted_via_web","dtra_nk","vNamFDtoZUpH82GGzGwQKa",,45
"2024-04-29T09:28:15.503+03:00","2024-04-29T10:40:02.585+03:00","2024-04-29","collect:W7gdBJ4Ypb4GvukP","2",,"local","samburu","porro","DHH010005",,"chicken","female",,,,,,,"more_than_17_wks",,,,,,,,,,,"indegenous",,,,42,,"DSR000075","DDT000136",,"DDT000137",,"no",,"no",,,,,,,,,,,,,,,,,334405979,"c340a001-4421-49f0-ad96-87c040f57841","2024-04-29T19:27:25",,,"submitted_via_web","dtra_nk","vNamFDtoZUpH82GGzGwQKa",,46
"2024-04-29T08:33:13.819+03:00","2024-04-29T10:41:06.120+03:00","2024-04-29","collect:xrIEUbZY74xsroUV","2",,"local","samburu","porro","DHH010005",,"cattle","female","six_months_to_year_calf",,,,,,,"cross_breed",,,,,,,,,,,,6,,38,,"DSR000066",,"DDT000118",,"DDT000119","no",,"no",,,,,,,,,,"no","no",,,,,"Ambyloma and hyalloma ticks found in the sampled animal(DTK000097)",334405993,"a792923c-ad22-4ac5-bd2a-5efbfc7e34b7","2024-04-29T19:27:30",,,"submitted_via_web","dtra_nk","vNamFDtoZUpH82GGzGwQKa",,47
"2024-04-29T08:48:39.580+03:00","2024-04-29T10:41:27.503+03:00","2024-04-29","collect:xrIEUbZY74xsroUV","2",,"local","samburu","porro","DHH010005",,"cattle","female","six_months_to_year_calf",,,,,,,"cross_breed",,,,,,,,,,,,6,,38,,"DSR000067",,"DDT000120",,"DDT000121","no",,"no",,,,,,,,,,"yes","no",,,,,,334405998,"52aa7aa0-1d92-431a-a206-106407eb68e0","2024-04-29T19:27:31",,,"submitted_via_web","dtra_nk","vNamFDtoZUpH82GGzGwQKa",,48
"2024-05-20T07:18:11.207+03:00","2024-05-20T20:31:14.781+03:00","2024-05-20","collect:W7gdBJ4Ypb4GvukP","1",,"local","samburu","ndoto","DHH010007",,"goat","female",,,,"over_1yr",,,,,,,,,,"galla",,,,,,,2,37,"DSR000113",,"DDT000212",,"DDT000213",,"yes",5,"no",,"abortion",0,1,0,0,0,0,0,"no","no",,,,,"None",340984176,"cef37602-614f-4088-8156-c93e335db79d","2024-05-20T17:50:41",,,"submitted_via_web","dtra_nk","vNamFDtoZUpH82GGzGwQKa",,49
"2024-05-20T07:26:38.666+03:00","2024-05-20T20:33:43.823+03:00","2024-05-20","collect:W7gdBJ4Ypb4GvukP","1",,"local","samburu","ndoto","DHH010007",,"goat","male",,,,"less_than_six_months",,,,,,,,,,"galla",,,,,,,2,37,"DSR000114",,"DDT000214",,"DDT000215",,"no",,"no",,,,,,,,,,,"no","none",0,0,1,"None",340984177,"7424f9fa-9c70-40f2-8ed7-57da61a30398","2024-05-20T17:50:41",,,"submitted_via_web","dtra_nk","vNamFDtoZUpH82GGzGwQKa",,50
"2024-05-20T07:32:58.085+03:00","2024-05-20T20:35:11.234+03:00","2024-05-20","collect:W7gdBJ4Ypb4GvukP","1",,"local","samburu","ndoto","DHH010007",,"goat","female",,,,"over_1yr",,,,,,,,,,"galla",,,,,,,3,37,"DSR000115",,"DDT000216",,"DDT000217",,"no",,"no",,"none",0,0,0,0,0,1,0,"no","no",,,,,"None",340984182,"b6f03f9e-6075-4d00-a6bb-eba6a39b1a1d","2024-05-20T17:50:41",,,"submitted_via_web","dtra_nk","vNamFDtoZUpH82GGzGwQKa",,51
"2024-05-20T07:37:51.576+03:00","2024-05-20T20:35:56.263+03:00","2024-05-20","collect:W7gdBJ4Ypb4GvukP","1",,"local","samburu","ndoto","DHH010007",,"goat","female",,,,"less_than_six_months",,,,,,,,,,"galla",,,,,,,2,38,"DSR000116",,"DDT000218",,"DDT000219",,"no",,"no",,,,,,,,,,"no","no",,,,,"None",340984185,"205c3a53-1a9b-4b69-b368-5d02b822ba0c","2024-05-20T17:50:42",,,"submitted_via_web","dtra_nk","vNamFDtoZUpH82GGzGwQKa",,52
"2024-05-20T07:44:38.866+03:00","2024-05-20T20:36:41.314+03:00","2024-05-20","collect:W7gdBJ4Ypb4GvukP","1",,"local","samburu","ndoto","DHH010007",,"sheep","female",,,"over_1yr",,,,,,,,,"red_masai",,,,,,,,,3,38,"DSR000117",,"DDT000220",,"DDT000221",,"yes",6,"no",,"none",0,0,0,0,0,1,0,"no","no",,,,,"Diarrhea",340984188,"b9214e44-a11c-4659-8c48-7248103fd108","2024-05-20T17:50:42",,,"submitted_via_web","dtra_nk","vNamFDtoZUpH82GGzGwQKa",,53
"2024-05-20T07:48:48.646+03:00","2024-05-20T20:37:22.891+03:00","2024-05-20","collect:W7gdBJ4Ypb4GvukP","1",,"local","samburu","ndoto","DHH010007",,"sheep","male",,,"six_to_twelve_months",,,,,,,,,"persian_black_head",,,,,,,,,3,39,"DSR000118",,"DDT000222",,"DDT000223",,"no",,"no",,,,,,,,,,,"no","none",0,0,1,"Diarrhea",340984195,"b34e2b88-67f7-4a45-a098-3ea4e583e950","2024-05-20T17:50:43",,,"submitted_via_web","dtra_nk","vNamFDtoZUpH82GGzGwQKa",,54
"2024-05-20T08:02:04.990+03:00","2024-05-20T20:38:11.762+03:00","2024-05-20","collect:W7gdBJ4Ypb4GvukP","1",,"local","samburu","ndoto","DHH010007",,"cattle","female","wearners_subadults_1_3yrs",,,,,,,"zebu",,,,,,,,,,,,6,,38,"DSR000119",,"DDT000224",,"DDT000225",,"yes",2,"no",,"none",0,0,0,0,0,1,0,"no","no",,,,,"None",340984198,"8781d98b-50f7-49bd-9381-46db401338cf","2024-05-20T17:50:43",,,"submitted_via_web","dtra_nk","vNamFDtoZUpH82GGzGwQKa",,55
"2024-05-20T08:31:55.342+03:00","2024-05-20T20:39:02.411+03:00","2024-05-20","collect:W7gdBJ4Ypb4GvukP","other","Philip","local","samburu","ndoto","DHH010007",,"camel","female",,"two_to_4yrs",,,,,,,,"other","Rendile",,,,,,,,,,3,37,"DSR000120",,"DDT000226",,"DDT000227",,"yes",8,"yes","2207B1865","none",0,0,0,0,0,1,0,"no","no",,,,,"Had some respiratory conditions",340984202,"cac6fde3-20f6-464a-aa5d-3251a2a69f32","2024-05-20T17:50:44",,,"submitted_via_web","dtra_nk","vNamFDtoZUpH82GGzGwQKa",,56
"2024-05-20T09:23:34.175+03:00","2024-05-20T20:40:15.997+03:00","2024-05-20","collect:W7gdBJ4Ypb4GvukP","other","Daniel ","local","samburu","ndoto","DHH010008",,"cattle","female","over_3_yrs",,,,,,,"boran",,,,,,,,,,,,4,,38,"DSR000141",,"DDT000253",,"DDT000254",,"yes",1,"yes","2207B1947","none",0,0,0,0,0,1,0,"no","no",,,,,,340984208,"98b86cbe-59e0-40ab-803e-dceeb99bd03f","2024-05-20T17:50:45",,,"submitted_via_web","dtra_nk","vNamFDtoZUpH82GGzGwQKa",,57
"2024-05-20T09:39:23.432+03:00","2024-05-20T20:40:46.677+03:00","2024-05-20","collect:W7gdBJ4Ypb4GvukP","other","Daniel","local","samburu","ndoto","DHH010008",,"cattle","female","six_months_to_year_calf",,,,,,,"boran",,,,,,,,,,,,6,,38,"DSR000142",,"DDT000255",,"DDT000256",,"no",,"no",,,,,,,,,,"no","no",,,,,,340984212,"f099d888-c1f1-4246-bcd0-4f0ad23e3ac7","2024-05-20T17:50:45",,,"submitted_via_web","dtra_nk","vNamFDtoZUpH82GGzGwQKa",,58
"2024-05-20T09:43:28.223+03:00","2024-05-20T20:41:20.473+03:00","2024-05-20","collect:W7gdBJ4Ypb4GvukP","other","Daniel","local","samburu","ndoto","DHH010008",,"sheep","female",,,"over_1yr",,,,,,,,,"persian_black_head",,,,,,,,,2,38,"DSR000143",,"DDT000257",,"DDT000258",,"no",,"no",,"none",0,0,0,0,0,1,0,"no","no",,,,,,340984215,"760a9c8e-2e3d-4761-8215-3bf163cc49d8","2024-05-20T17:50:46",,,"submitted_via_web","dtra_nk","vNamFDtoZUpH82GGzGwQKa",,59
"2024-05-20T09:50:41.414+03:00","2024-05-20T20:42:03.218+03:00","2024-05-20","collect:W7gdBJ4Ypb4GvukP","other","Daniel","local","samburu","ndoto","DHH010008",,"sheep","female",,,"over_1yr",,,,,,,,,"red_masai",,,,,,,,,3,38,"DSR000144",,"DDT000259",,"DDT000260",,"yes",9,"no",,"none",0,0,0,0,0,1,0,"no","no",,,,,,340984218,"f9c77d48-e8fa-48e8-b203-84a145bcd18d","2024-05-20T17:50:46",,,"submitted_via_web","dtra_nk","vNamFDtoZUpH82GGzGwQKa",,60
"2024-05-20T09:57:56.377+03:00","2024-05-20T20:42:55.111+03:00","2024-05-20","collect:W7gdBJ4Ypb4GvukP","other","Daniel","local","samburu","ndoto","DHH010008",,"goat","female",,,,"over_1yr",,,,,,,,,,"galla",,,,,,,3,39,"DSR000145",,"DDT000261",,"DDT000262",,"no",,"no",,"none",0,0,0,0,0,1,0,"no","no",,,,,,340984220,"b9a8e42b-bec1-47ba-be59-92345a539724","2024-05-20T17:50:47",,,"submitted_via_web","dtra_nk","vNamFDtoZUpH82GGzGwQKa",,61
"2024-05-20T10:01:26.658+03:00","2024-05-20T20:43:23.337+03:00","2024-05-20","collect:W7gdBJ4Ypb4GvukP","other","Daniel","local","samburu","ndoto","DHH010008",,"goat","male",,,,"six_to_twelve_months",,,,,,,,,,"other","Small East African",,,,,,2,40,"DSR000146",,"DDT000263",,"DDT000264",,"no",,"no",,,,,,,,,,,"no","none",0,0,1,"Animals with pneumonia",340984225,"bbaff6ed-a4fe-45f6-8891-40d156b8add2","2024-05-20T17:50:47",,,"submitted_via_web","dtra_nk","vNamFDtoZUpH82GGzGwQKa",,62
"2024-05-20T10:08:34.776+03:00","2024-05-20T20:43:41.015+03:00","2024-05-20","collect:W7gdBJ4Ypb4GvukP","other","Daniel","local","samburu","wamba_west","DHH010008",,"goat","female",,,,"six_to_twelve_months",,,,,,,,,,"other","Small East African",,,,,,2,39,"DSR000147",,"DDT000265",,"DDT000266",,"no",,"no",,"none",0,0,0,0,0,1,0,"no","no",,,,,,340984229,"6341bf9b-bcb7-489a-b277-5e843e77240c","2024-05-20T17:50:48",,,"submitted_via_web","dtra_nk","vNamFDtoZUpH82GGzGwQKa",,63
"2024-05-20T10:16:37.314+03:00","2024-05-20T20:43:55.178+03:00","2024-05-20","collect:W7gdBJ4Ypb4GvukP","other","Daniel","local","samburu","ndoto","DHH010008",,"camel","female",,"over_4_yrs",,,,,,,,"gabra",,,,,,,,,,,2,37,"DSR000148",,"DDT000267",,"DDT000268",,"yes",7,"no",,"none",0,0,0,0,0,1,0,"no","no",,,,,,340984232,"4e6c7954-529e-46a6-ac32-21cfe328d8cd","2024-05-20T17:50:48",,,"submitted_via_web","dtra_nk","vNamFDtoZUpH82GGzGwQKa",,64
"2024-05-21T06:23:00.579+03:00","2024-05-21T09:53:13.657+03:00","2024-05-21","collect:W7gdBJ4Ypb4GvukP","other","Dickson","swahili","samburu","ndoto",,"DHH010009","goat","female",,,,"over_1yr",,,,,,,,,,"other","Small East African",,,,,,2,38,"DSR000169",,"DDT000393",,"DDT000394",,"no",,"no",,"none",0,0,0,0,0,1,0,"no","no",,,,,"Diarrhea 2 days prior",341383996,"1a30f4d9-3f3e-4075-9515-28111b63c84b","2024-05-21T19:15:02",,,"submitted_via_web","dtra_nk","vSaMGUhjm2CBUBaqdHwVSM",,65
"2024-05-21T06:39:33.934+03:00","2024-05-21T09:53:57.761+03:00","2024-05-21","collect:W7gdBJ4Ypb4GvukP","other","Dickson","swahili","samburu","ndoto","DHH010009",,"goat","female",,,,"over_1yr",,,,,,,,,,"other","Small East African",,,,,,2,37.6,"DSR000170",,"DDT000395",,"DDT000396",,"yes",11,"no",,"still_birth",1,0,0,0,0,0,0,"no","no",,,,,,341383998,"aa9b4bd0-cf0c-4741-bf61-87a71f528017","2024-05-21T19:15:02",,,"submitted_via_web","dtra_nk","vSaMGUhjm2CBUBaqdHwVSM",,66
"2024-05-21T06:49:19.608+03:00","2024-05-21T09:55:08.918+03:00","2024-05-21","collect:W7gdBJ4Ypb4GvukP","2",,"local","samburu","ndoto","DHH010009",,"goat","male",,,,"less_than_six_months",,,,,,,,,,"cross_breed",,,,,,,3,38.6,"DSR000171",,"DDT000397",,"DDT000398",,"no",,"no",,,,,,,,,,,"no","none",0,0,1,,341384001,"cd8e9cd3-f136-4ff5-8b3a-e237db73d692","2024-05-21T19:15:03",,,"submitted_via_web","dtra_nk","vSaMGUhjm2CBUBaqdHwVSM",,67
"2024-05-21T06:58:12.469+03:00","2024-05-21T09:55:46.305+03:00","2024-05-21","collect:W7gdBJ4Ypb4GvukP","2",,"local","samburu","ndoto","DHH010009",,"sheep","female",,,"over_1yr",,,,,,,,,"persian_black_head",,,,,,,,,3,38.5,"DSR000172",,,"DDT000399",,"DDT000400","yes",10,"no",,"none",0,0,0,0,0,1,0,"no","no",,,,,,341384009,"f5f2e412-d571-478a-99ae-a77417a3d13c","2024-05-21T19:15:03",,,"submitted_via_web","dtra_nk","vSaMGUhjm2CBUBaqdHwVSM",,68
"2024-05-21T07:03:26.985+03:00","2024-05-21T09:56:35.278+03:00","2024-05-21","collect:W7gdBJ4Ypb4GvukP","2",,"local","samburu","ndoto","DHH010009",,"sheep","male",,,"less_than_six_months",,,,,,,,,"persian_black_head",,,,,,,,,3,39.1,"DSR000173",,"DDT000401",,"DDT000402",,"no",,"no",,,,,,,,,,,"no","none",0,0,1,,341384012,"2c89f3fc-9ef2-42b4-8476-3e82c7e7f81d","2024-05-21T19:15:04",,,"submitted_via_web","dtra_nk","vSaMGUhjm2CBUBaqdHwVSM",,69
"2024-05-21T07:10:53.133+03:00","2024-05-21T09:52:36.431+03:00","2024-05-21","collect:W7gdBJ4Ypb4GvukP","2",,"local","samburu","ndoto","DHH010009",,"camel","female",,"over_4_yrs",,,,,,,,"gabra",,,,,,,,,,,3,37.2,"DSR000174",,"DDT000403",,"DDT000404",,"yes",3,"no",,"none",0,0,0,0,0,1,0,"no","no",,,,,,341384014,"acb95d8c-48f6-4e8b-b6cc-53516caebc7f","2024-05-21T19:15:05",,,"submitted_via_web","dtra_nk","vSaMGUhjm2CBUBaqdHwVSM",,70
"2024-05-21T07:26:02.051+03:00","2024-05-21T09:56:59.122+03:00","2024-05-21","collect:W7gdBJ4Ypb4GvukP","2",,"local","samburu","ndoto","DHH010009",,"camel","female",,"six_months_to_2year",,,,,,,,"gabra",,,,,,,,,,,3,37.5,"DSR000176",,"DDT000405",,"DDT000406",,"no",,"no",,,,,,,,,,"no","no",,,,,"Hyalomma ticks found",341384015,"7c823597-5cf7-4657-b1af-2b286e3ec35b","2024-05-21T19:15:06",,,"submitted_via_web","dtra_nk","vSaMGUhjm2CBUBaqdHwVSM",,71
"2024-05-21T08:22:28.844+03:00","2024-05-21T09:57:21.053+03:00","2024-05-21","collect:W7gdBJ4Ypb4GvukP","other","Daniel","local","samburu","ndoto","DHH010010",,"sheep","female",,,"over_1yr",,,,,,,,,"persian_black_head",,,,,,,,,2,38.5,"DSR000178",,"DDT000409",,"DDT000410",,"no",,"no",,"none",0,0,0,0,0,1,0,"no","no",,,,,"Animals with diarrhea",341384018,"4b3f573d-5863-450f-bdb3-f9ce51a519c3","2024-05-21T19:15:07",,,"submitted_via_web","dtra_nk","vSaMGUhjm2CBUBaqdHwVSM",,72
"2024-05-21T08:27:32.613+03:00","2024-05-21T09:58:04.078+03:00","2024-05-21","collect:W7gdBJ4Ypb4GvukP","other","Daniel","local","samburu","ndoto","DHH010010",,"sheep","female",,,"six_to_twelve_months",,,,,,,,,"persian_black_head",,,,,,,,,2,39.1,"DSR000179",,"DDT000437",,"DDT000438",,"no",,"no",,"none",0,0,0,0,0,1,0,"no","no",,,,,,341384019,"4b194b23-eff0-4e68-b032-a69351a4facf","2024-05-21T19:15:08",,,"submitted_via_web","dtra_nk","vSaMGUhjm2CBUBaqdHwVSM",,73
"2024-05-21T08:31:47.302+03:00","2024-05-21T09:58:32.681+03:00","2024-05-21","collect:W7gdBJ4Ypb4GvukP","other","Daniel","local","samburu","ndoto","DHH010010",,"goat","female",,,,"over_1yr",,,,,,,,,,"other","Small East African",,,,,,2,38.8,"DSR000180",,"DDT000439",,"DDT000440",,"no",,"no",,"none",0,0,0,0,0,1,0,"no","no",,,,,,341384020,"a87ccce1-6e65-4d46-8f51-3d26f35f05f1","2024-05-21T19:15:08",,,"submitted_via_web","dtra_nk","vSaMGUhjm2CBUBaqdHwVSM",,74
"2024-05-21T08:35:17.314+03:00","2024-05-21T09:59:00.598+03:00","2024-05-21","collect:W7gdBJ4Ypb4GvukP","other","Daniel","local","samburu","ndoto","DHH010010",,"goat","female",,,,"over_1yr",,,,,,,,,,"other","Small East African",,,,,,3,39.1,"DSR000181",,,"DDT000441",,"DDT000442","no",,"no",,"none",0,0,0,0,0,1,0,"no","no",,,,,"Pale mucus membranes",341384022,"9afef592-6c7d-403d-bbd5-0df1792a5ed2","2024-05-21T19:15:09",,,"submitted_via_web","dtra_nk","vSaMGUhjm2CBUBaqdHwVSM",,75
"2024-05-21T08:39:33.428+03:00","2024-05-21T09:59:32.984+03:00","2024-05-21","collect:W7gdBJ4Ypb4GvukP","other","Daniel","local","samburu","ndoto","DHH010010",,"goat","male",,,,"over_1yr",,,,,,,,,,"other","Small East African",,,,,,2,39.2,"DSR000183",,"DDT000443",,"DDT000444",,"no",,"no",,,,,,,,,,,"no","none",0,0,1,"One testes missing but normal",341384027,"2f83c90b-ead9-46c8-83af-0d3ab559df3b","2024-05-21T19:15:10",,,"submitted_via_web","dtra_nk","vSaMGUhjm2CBUBaqdHwVSM",,76
"2024-05-21T08:44:04.526+03:00","2024-05-21T10:00:03.550+03:00","2024-05-21","collect:W7gdBJ4Ypb4GvukP","other","Daniel","local","samburu","ndoto","DHH010010",,"donkey","male",,,,,"over_2yrs",,,,,,,,,,,,,,,,3,37.2,"DSR000184",,"DDT000445",,"DDT000446",,"no",,"no",,,,,,,,,,,"no","none",0,0,1,"Had bleeding in the urine more than six months before sampling",341384028,"4df7d326-139f-4e87-af3e-3f20f1a5d26d","2024-05-21T19:15:10",,,"submitted_via_web","dtra_nk","vSaMGUhjm2CBUBaqdHwVSM",,77
"2024-05-21T08:50:18.334+03:00","2024-05-21T10:00:27.047+03:00","2024-05-21","collect:W7gdBJ4Ypb4GvukP","other","Daniel","local","samburu","ndoto","DHH010010",,"camel","female",,"over_4_yrs",,,,,,,,"turkana",,,,,,,,,,,3,37.6,"DSR000185",,"DDT000447",,,"DDT000448","no",,"no",,"none",0,0,0,0,0,1,0,"no","no",,,,,,341384029,"eab71ae3-e90b-4021-a216-348901870fef","2024-05-21T19:15:11",,,"submitted_via_web","dtra_nk","vSaMGUhjm2CBUBaqdHwVSM",,78
"2024-05-21T09:05:06.401+03:00","2024-05-21T10:01:05.062+03:00","2024-05-21","collect:W7gdBJ4Ypb4GvukP","1",,"local","samburu","ndoto","DHH010009",,"goat","female",,,,"six_to_twelve_months",,,,,,,,,,"other","Small East african",,,,,,3,39.2,,"DSR000177",,"DDT000407",,"DDT000408","no",,"no",,"none",0,0,0,0,0,1,0,"no","no",,,,,,341384030,"46ee4dc6-2982-4c51-ac6a-d340c8e39394","2024-05-21T19:15:11",,,"submitted_via_web","dtra_nk","vSaMGUhjm2CBUBaqdHwVSM",,79
"2024-05-21T09:13:11.213+03:00","2024-05-21T10:01:35.301+03:00","2024-05-21","collect:W7gdBJ4Ypb4GvukP","other","Daniel","local","samburu","ndoto","DHH010010",,"cattle","male","over_3_yrs",,,,,,,"boran",,,,,,,,,,,,7,,38.5,"DSR000186",,"DDT000449",,"DDT000450",,"yes",4,"no",,,,,,,,,,,"no","none",0,0,1,,341384031,"08da5151-5c3d-4577-ac78-c19c1568f392","2024-05-21T19:15:11",,,"submitted_via_web","dtra_nk","vSaMGUhjm2CBUBaqdHwVSM",,80
"2024-05-22T06:10:44.000+03:00","2024-05-22T14:51:50.500+03:00","2024-05-22","collect:W7gdBJ4Ypb4GvukP","other","Dickson","swahili","samburu","ndoto","DHH010011",,"cattle","female","wearners_subadults_1_3yrs",,,,,,,"boran",,,,,,,,,,,,7,,38.1,"DSR000187",,"DDT000456",,"DDT000457",,"no",,"no",,"none",0,0,0,0,0,1,0,"no","no",,,,,"Hyalomma ticks seen",341721012,"cfebb489-d18e-4e5a-a3a6-bee818474594","2024-05-22T17:12:16",,,"submitted_via_web","dtra_nk","vSaMGUhjm2CBUBaqdHwVSM",,81
"2024-05-22T06:19:26.213+03:00","2024-05-22T14:52:09.227+03:00","2024-05-22","collect:W7gdBJ4Ypb4GvukP","other","Dickson","swahili","samburu","ndoto","DHH010011",,"cattle","female","six_months_to_year_calf",,,,,,,"boran",,,,,,,,,,,,6,,38,"DSR000188",,,"DDT000458","DDT000459",,"no",,"no",,,,,,,,,,"no","no",,,,,"Hyalomma ticks seen",341721013,"e7d7c401-c05b-47d0-8724-832058026a21","2024-05-22T17:12:16",,,"submitted_via_web","dtra_nk","vSaMGUhjm2CBUBaqdHwVSM",,82
"2024-05-22T06:22:22.551+03:00","2024-05-22T14:52:55.693+03:00","2024-05-22","collect:W7gdBJ4Ypb4GvukP","other","Dickson","swahili","samburu","ndoto","DHH010011",,"camel","female",,"over_4_yrs",,,,,,,,"somali",,,,,,,,,,,3,37,"DSR000190",,,"DDT000460",,"DDT000461","no",,"no",,"none",0,0,0,0,0,1,0,"no","no",,,,,"Wound on vulva",341721015,"c380a876-565e-4cde-824b-4535b6f17154","2024-05-22T17:12:17",,,"submitted_via_web","dtra_nk","vSaMGUhjm2CBUBaqdHwVSM",,83
"2024-05-22T07:00:42.019+03:00","2024-05-22T14:53:11.456+03:00","2024-05-22","collect:W7gdBJ4Ypb4GvukP","other","Dickson","swahili","samburu","ndoto","DHH010011",,"camel","female",,"six_months_to_2year",,,,,,,,"somali",,,,,,,,,,,2,37.5,"DSR000191",,"DDT000463",,"DDT000464",,"no",,"no",,,,,,,,,,"no","no",,,,,"Coughing",341721018,"951e976c-d59a-4a76-846c-c38304c35600","2024-05-22T17:12:17",,,"submitted_via_web","dtra_nk","vSaMGUhjm2CBUBaqdHwVSM",,84
"2024-05-22T07:04:32.386+03:00","2024-05-22T14:53:27.469+03:00","2024-05-22","collect:W7gdBJ4Ypb4GvukP","other","Dickson","swahili","samburu","ndoto","DHH010011",,"goat","female",,,,"six_to_twelve_months",,,,,,,,,,"other","Small East African",,,,,,2,37.9,"DSR000192",,"DDT000465",,"DDT000466",,"no",,"no",,"none",0,0,0,0,0,1,0,"no","no",,,,,,341721020,"143b232f-d593-4d88-8b83-e4411878a058","2024-05-22T17:12:18",,,"submitted_via_web","dtra_nk","vSaMGUhjm2CBUBaqdHwVSM",,85
"2024-05-22T07:10:12.060+03:00","2024-05-22T14:53:43.629+03:00","2024-05-22","collect:W7gdBJ4Ypb4GvukP","other","Dickson","swahili","samburu","ndoto","DHH010011",,"goat","male",,,,"six_to_twelve_months",,,,,,,,,,"other","Small East African",,,,,,2,38.1,"DSR000193",,"DDT000467",,"DDT000468",,"no",,"no",,,,,,,,,,,"no","none",0,0,1,,341721021,"55c850c3-ed63-4eed-b894-9405b03845cc","2024-05-22T17:12:18",,,"submitted_via_web","dtra_nk","vSaMGUhjm2CBUBaqdHwVSM",,86
"2024-05-22T07:14:25.757+03:00","2024-05-22T14:54:23.796+03:00","2024-05-22","collect:W7gdBJ4Ypb4GvukP","other","Dickson","swahili","samburu","ndoto","DHH010011",,"sheep","female",,,"over_1yr",,,,,,,,,"persian_black_head",,,,,,,,,3,38.3,"DSR000194",,"DDT000470",,"DDT000471",,"no",,"no",,"none",0,0,0,0,0,1,0,"no","no",,,,,,341721024,"73339213-156f-40fc-92c2-876d857d57ef","2024-05-22T17:12:19",,,"submitted_via_web","dtra_nk","vSaMGUhjm2CBUBaqdHwVSM",,87
"2024-05-22T07:27:32.028+03:00","2024-05-22T14:54:48.568+03:00","2024-05-22","collect:W7gdBJ4Ypb4GvukP","other","Dickson","swahili","samburu","ndoto","DHH010011",,"chicken","female",,,,,,,"eight_to_seventeen_wks",,,,,,,,,,,"indegenous",,,,39.2,,"DSR000212","DDT000478",,"DDT000479",,"no",,"no",,,,,,,,,,,,,,,,,341721027,"575216e2-1bda-4094-a40b-8cf0e3accb3e","2024-05-22T17:12:19",,,"submitted_via_web","dtra_nk","vSaMGUhjm2CBUBaqdHwVSM",,88
"2024-05-22T07:30:19.241+03:00","2024-05-22T14:55:21.875+03:00","2024-05-22","collect:W7gdBJ4Ypb4GvukP","other","Dickson","swahili","samburu","ndoto","DHH010011",,"goat","female",,,,"six_to_twelve_months",,,,,,,,,,"other","Small East African",,,,,,2,37.8,"DSR000195",,"DDT000472",,"DDT000473",,"no",,"no",,"none",0,0,0,0,0,1,0,"no","no",,,,,,341721029,"15846a09-4fe6-411a-a32a-183c86380b28","2024-05-22T17:12:20",,,"submitted_via_web","dtra_nk","vSaMGUhjm2CBUBaqdHwVSM",,89
"2024-05-22T07:50:06.011+03:00","2024-05-22T14:55:36.686+03:00","2024-05-22","collect:W7gdBJ4Ypb4GvukP","other","Dickson","swahili","samburu","ndoto","DHH010011",,"chicken","male",,,,,,,"eight_to_seventeen_wks",,,,,,,,,,,"indegenous",,,,42.1,,"DSR000211","DDT000474",,"DDT000477",,"no",,"no",,,,,,,,,,,,,,,,,341721031,"adfe9854-5048-4cca-b79a-7a3dd8b2dd43","2024-05-22T17:12:20",,,"submitted_via_web","dtra_nk","vSaMGUhjm2CBUBaqdHwVSM",,90
"2024-05-22T08:25:35.160+03:00","2024-05-22T14:56:01.459+03:00","2024-05-22","collect:W7gdBJ4Ypb4GvukP","other","Daniel","local","samburu","ndoto","DHH010012",,"sheep","female",,,"over_1yr",,,,,,,,,"persian_black_head",,,,,,,,,2,37.7,"DSR000213",,"DDT000480",,"DDT000481",,"no",,"no",,"none",0,0,0,0,0,1,0,"no","no",,,,,,341721034,"de5c7332-ba2a-4257-b73d-559f67e3d659","2024-05-22T17:12:20",,,"submitted_via_web","dtra_nk","vSaMGUhjm2CBUBaqdHwVSM",,91
"2024-05-22T08:28:40.218+03:00","2024-05-22T14:56:19.657+03:00","2024-05-22","collect:W7gdBJ4Ypb4GvukP","other","Daniel","local","samburu","ndoto","DHH010012",,"sheep","female",,,"over_1yr",,,,,,,,,"persian_black_head",,,,,,,,,2,37.9,"DSR000214",,"DDT000482",,"DDT000484",,"no",,"no",,"abortion",0,1,0,0,0,0,0,"yes","no",,,,,,341721036,"1842bea5-b644-4bbd-a39f-e5a3c45caa0f","2024-05-22T17:12:21",,,"submitted_via_web","dtra_nk","vSaMGUhjm2CBUBaqdHwVSM",,92
"2024-05-22T08:33:15.986+03:00","2024-05-22T14:56:42.629+03:00","2024-05-22","collect:W7gdBJ4Ypb4GvukP","other","Daniel","local","samburu","ndoto","DHH010012",,"goat","female",,,,"over_1yr",,,,,,,,,,"other","Small East African",,,,,,2,38.8,"DSR000215",,"DDT000486",,"DDT000487",,"no",,"no",,"abortion retained_placenta",0,1,1,0,0,0,0,"no","no",,,,,"Aborted a week before sampling",341721039,"9ec4637f-6f27-4588-a818-24007c730124","2024-05-22T17:12:21",,,"submitted_via_web","dtra_nk","vSaMGUhjm2CBUBaqdHwVSM",,93
"2024-05-22T08:37:32.847+03:00","2024-05-22T14:56:58.524+03:00","2024-05-22","collect:W7gdBJ4Ypb4GvukP","other","Daniel","local","samburu","ndoto","DHH010012",,"goat","male",,,,"over_1yr",,,,,,,,,,"other","Small East African",,,,,,3,38.4,"DSR000216",,"DDT000488",,,"DDT000489","no",,"no",,,,,,,,,,,"no","none",0,0,1,"The animal has pale mucous membrane",341721040,"3a0a961f-de8e-49ef-9225-776ed314885c","2024-05-22T17:12:22",,,"submitted_via_web","dtra_nk","vSaMGUhjm2CBUBaqdHwVSM",,94
"2024-05-22T08:42:42.661+03:00","2024-05-22T14:57:13.586+03:00","2024-05-22","collect:W7gdBJ4Ypb4GvukP","other","Daniel","local","samburu","ndoto","DHH010012",,"goat","female",,,,"six_to_twelve_months",,,,,,,,,,"other","Small East African",,,,,,2,38.4,"DSR000218",,"DDT000491",,"DDT000492",,"no",,"no",,"none",0,0,0,0,0,1,0,"no","no",,,,,,341721042,"7c224c60-137c-4fa3-a399-f69ca175f213","2024-05-22T17:12:22",,,"submitted_via_web","dtra_nk","vSaMGUhjm2CBUBaqdHwVSM",,95
"2024-05-22T08:47:47.894+03:00","2024-05-22T15:00:54.425+03:00","2024-05-22","collect:W7gdBJ4Ypb4GvukP","other","Daniel","local","samburu","ndoto","DHH010012",,"camel","female",,"over_4_yrs",,,,,,,,"gabra",,,,,,,,,,,3,36.9,"DSR000219",,"DDT000493",,"DDT000494",,"no",,"no",,"none",0,0,0,0,0,1,0,"no","no",,,,,"Expectant",341721044,"27356531-89a9-46d9-8baf-0872b05816e5","2024-05-22T17:12:23",,,"submitted_via_web","dtra_nk","vSaMGUhjm2CBUBaqdHwVSM",,96
"2024-05-22T08:54:19.381+03:00","2024-05-22T15:01:29.301+03:00","2024-05-22","collect:W7gdBJ4Ypb4GvukP","other","Daniel","local","samburu","ndoto","DHH010012",,"camel","female",,"six_months_to_2year",,,,,,,,"gabra",,,,,,,,,,,2,37.4,"DSR000220",,"DDT000495",,"DDT000496",,"no",,"no",,,,,,,,,,"no","yes",,,,,"Swollen joint due tob a previous injury",341721047,"d3712e86-f16e-4622-9f8b-3f9cf9510cbc","2024-05-22T17:12:24",,,"submitted_via_web","dtra_nk","vSaMGUhjm2CBUBaqdHwVSM",,97
"2024-05-22T09:01:48.055+03:00","2024-05-22T14:57:50.963+03:00","2024-05-22","collect:W7gdBJ4Ypb4GvukP","other","Daniel","local","samburu","ndoto","DHH010012",,"cattle","female","over_3_yrs",,,,,,,"boran",,,,,,,,,,,,5,,37.8,"DSR000221",,"DDT000498",,"DDT000499",,"no",,"no",,"none",0,0,0,0,0,1,0,"no","no",,,,,,341721050,"a3df06fd-96a7-4ed8-8cae-21425d59e038","2024-05-22T17:12:24",,,"submitted_via_web","dtra_nk","vSaMGUhjm2CBUBaqdHwVSM",,98
"2024-05-22T09:05:41.555+03:00","2024-05-22T14:58:12.405+03:00","2024-05-22","collect:W7gdBJ4Ypb4GvukP","other","Daniel","local","samburu","ndoto","DHH010012",,"chicken","female",,,,,,,"more_than_17_wks",,,,,,,,,,,"indegenous",,,,40.4,"DSR000222",,"DDT000500",,"DDT000501",,"no",,"no",,,,,,,,,,,,,,,,"Brooding",341721053,"9fba44da-fd4d-4d8d-b25c-6a75471cc38f","2024-05-22T17:12:25",,,"submitted_via_web","dtra_nk","vSaMGUhjm2CBUBaqdHwVSM",,99
"2024-05-22T09:11:17.628+03:00","2024-05-22T14:58:47.588+03:00","2024-05-22","collect:W7gdBJ4Ypb4GvukP","other","Daniel","local","samburu","ndoto","DHH010012",,"chicken","male",,,,,,,"more_than_17_wks",,,,,,,,,,,"indegenous",,,,42.3,"DSR000223",,"DDT000502",,"DDT000505",,"no",,"no",,,,,,,,,,,,,,,,,341721059,"deb8292c-0040-4e9c-96ca-e65d2329fde6","2024-05-22T17:12:25",,,"submitted_via_web","dtra_nk","vSaMGUhjm2CBUBaqdHwVSM",,100
