"start","end","date","dev_id","enumerator","county","ward","hh_id","live_keep","live_keep_cattle","live_keep_sheep","live_keep_goats","live_keep_camels","live_keep_poultry","live_keep_pigs","live_keep_rabbits","live_keep_donkeys","source_replacement_cattle","source_replacement_cattle_own_stock","source_replacement_cattle_livestock_markets","source_replacement_cattle_other_livestock_keepers","number_own_stock_cattle","number_livestock_market_cattle","number_livestock_kepers_stock_cattle","number_other_sources_cattle","own_stock_cattle","own_stock_cattle_prev_dis","own_stock_cattle_avail","own_stock_cattle_cost","livestock_market_cattle","livestock_market_cattle_avail","livestock_market_cattle_var","livestock_market_cattle_cost","other_keepers_cattle","other_keepers_cattle_prev_dis","other_keepers_cattle_avail","other_keepers_cattle_cost","other_sources_cattle","other_sources_cattle_prev_dis","other_sources_cattle_avail","other_sources_cattle_cost","source_replacement_sheep","source_replacement_sheep_own_stock","source_replacement_sheep_livestock_markets","source_replacement_sheep_other_livestock_keepers","number_own_stock_sheep","number_livestock_market_sheep","number_livestock_kepers_stock_sheep","number_other_sources_sheep","own_stock_sheep","own_stock_sheep_prev_dis","own_stock_sheep_avail","own_stock_sheep_cost","livestock_market_sheep","livestock_market_sheep_avail","livestock_market_sheep_var","livestock_market_sheep_cost","other_keepers_sheep","other_keepers_sheep_prev_dis","other_keepers_sheep_avail","other_keepers_sheep_cost","other_sources_sheep","other_sources_sheep_prev_dis","other_sources_sheep_avail","other_sources_sheep_cost","source_replacement_goats","source_replacement_goats_own_stock","source_replacement_goats_livestock_markets","source_replacement_goats_other_livestock_keepers","number_own_stock_goats","number_livestock_market_goats","number_livestock_kepers_stock_goats","number_other_sources_goats","own_stock_goats","own_stock_goats_prev_dis","own_stock_goats_avail","own_stock_goats_cost","livestock_market_goats","livestock_market_goats_avail","livestock_market_goats_var","livestock_market_goats_cost","other_keepers_goats","other_keepers_goats_prev_dis","other_keepers_goats_avail","other_keepers_goats_cost","other_sources_goats","other_sources_goats_prev_dis","other_sources_goats_avail","other_sources_goats_cost","source_replacement_camels","source_replacement_camels_own_stock","source_replacement_camels_livestock_markets","source_replacement_camels_other_livestock_keepers","number_own_stock_camels","number_livestock_market_camels","number_livestock_kepers_stock_camels","number_other_sources_camels","own_stock_camels","own_stock_camels_prev_dis","own_stock_camels_avail","own_stock_camels_cost","livestock_market_camels","livestock_market_camels_avail","livestock_market_camels_var","livestock_market_camels_cost","other_keepers_camels","other_keepers_camels_prev_dis","other_keepers_camels_avail","other_keepers_camels_cost","other_sources_camels","other_sources_camels_prev_dis","other_sources_camels_avail","other_sources_camels_cost","source_replacement_donkeys","source_replacement_donkeys_own_stock","source_replacement_donkeys_livestock_markets","source_replacement_donkeys_other_livestock_keepers","number_own_stock_donkeys","number_livestock_market_donkeys","number_livestock_kepers_stock_donkeys","number_other_sources_donkeys","own_stock_donkeys","own_stock_donkeys_prev_dis","own_stock_donkeys_avail","own_stock_donkeys_cost","livestock_market_donkeys","livestock_market_donkeys_avail","livestock_market_donkeys_var","livestock_market_donkeys_cost","other_keepers_donkeys","other_keepers_donkeys_prev_dis","other_keepers_donkeys_avail","other_keepers_donkeys_cost","other_sources_donkeys","other_sources_donkeys_prev_dis","other_sources_donkeys_avail","other_sources_donkeys_cost","buy_feeds","source_feeds","source_feeds_agrovet","source_feeds_farms","source_feeds_market","source_water","source_water_public_borehole","source_water_private_borehole","source_water_communal_watering_point","source_water_private_watering_point","source_water_county_water","selling_animals_yn","selling_animals","selling_animals_cattle","selling_animals_sheep","selling_animals_goats","selling_animals_donkeys","selling_animals_camels","buyers_cattle","buyers_cattle_butchers_cattle","buyers_cattle_cattle_traders","buyers_cattle_other_cattle_keepers","buyers_sheep","buyers_sheep_butchers_sheep","buyers_sheep_sheep_traders","buyers_sheep_other_sheep_buyers","buyers_goats","buyers_goats_butchers_goats","buyers_goats_goats_traders","buyers_goats_other_goat_keepers","buyers_camels","buyers_camels_butchers_camels","buyers_camels_other_camel_keepers_buy","buyers_camels_camel_traders","buyers_donkey","buyers_donkey_butchers_donkeys","buyers_donkey_donkey_traders","buyers_donkey_other_donkey_keepers","number_sold_cattle","number_sold_sheep","number_sold_goats","number_sold_camel","number_sold_donkey","number_slaughter_house","buying_price_cattle","buying_price_goat","buying_price_camels","buying_price_sheep","buying_price_donkey","type_animals_sold","type_animals_sold_sick","type_animals_sold_old","type_animals_sold_pregnant","type_animals_sold_mature","type_animals_sold_extra_stock","type_animals_sold_male","type_animals_sold_female","get_products","products_animals","products_animals_milk","products_animals_wool","products_animals_meat","products_animals_eggs","products_animals_hides","products_animals_blood","products_animals_manure","products_animals_bone","amount_milk_cows","amount_cow_milk_sold","amount_cow_milk_consumed","make_milk_products","amount_cow_milk_products","milk_products","milk_products_butter","milk_products_yoghurt","milk_products_mala","milk_products_mursik","milk_products_ghee","milk_products_tea","other_milk_producing","other_species_milk","other_species_milk_goat_milk","other_species_milk_camel_milk","other_species_milk_donkey_milk","other_species_milk_sheep_milk","amount_milk_camels","amount_camel_milk_sold","amount_camel_milk_consumed","make_milk_products_camel","amount_camel_milk_products","milk_products_camel","milk_products_camel_sour_milk_camel","milk_products_camel_yoghurt_camel","milk_products_camel_mala_camel","milk_products_camel_mursik_camel","amount_milk_goat","amount_goat_milk_sold","amount_goat_milk_consumed","make_milk_products_goat","amount_goat_milk_products","milk_products_goat","milk_products_goat_sour_milk_goat","milk_products_goat_yoghurt_goat","milk_products_goat_mala_goat","milk_products_goat_mursik_goat","method_preservation","method_preservation_temperature_lowering","method_preservation_temperature_raising","method_preservation_water_activity_lowering","method_preservation_add_preservatives","method_preservation_lowering_ph","method_preservation_none","milk_buyer","milk_buyer_milk_trader","milk_buyer_milk_dairy","milk_buyer_milk_cooperative","milk_buyer_milk_neighbours","milk_buyer_milk_shops","farmgate_milk","milk_product_buyer","milk_product_buyer_milk_product_transporter","milk_product_buyer_milk_product_trader","milk_product_buyer_milk_product_dairy","milk_product_buyer_milk_product_cooperative","milk_product_buyer_milk_product_neighbours","milk_product_buyer_milk_product_shops","farmgate_product_milk","where_sla","where_sla_slaughterhouse","where_sla_home","meat_products","meat_products_raw","meat_products_dried","meat_products_smoked","meat_products_hooves","meat_products_horns","meat_products_blood","meat_products_tripes","meat_products_organs","meat_products_skin","meat_products_bones","meat_products_none","who_meat","who_meat_consumers","who_meat_traders","who_meat_butcheries","who_meat_institution","who_meat_manufacturers","who_meat_animals","who_meat_ornaments","aw_dcl","aw_lpl","cull_an","reas_cull","reas_cull_old","reas_cull_prod","reas_cull_incur","reas_cull_finan","reas_cull_weath","action_end_production","action_end_production_sold","action_end_production_slaughter_home","action_end_production_slaughter_slaughterhouse","constraints_replacement","constraints_replacement_cost_replacement","constraints_replacement_seasonality_replacement","constraints_replacement_distance_replacement","constraints_replacement_sick_replacement","constraints_replacement_time_replacement","constraints_replacement_legal_replacement","constraints_replacement_availability_replacement","constraints_replacement_predators_replacement","constraints_replacement_insecurity_replacement","constraints_replacement_food_water_replacement","constraints_replacement_lack_labour_replacement","innovation_replacement","innovation_replacement_seasons_innovation","innovation_replacement_individual_seller_innovation","innovation_replacement_time_innovation","innovation_replacement_treat_innovation","innovation_replacement_manpower_innovation","innovation_replacement_ahp_innovation","innovation_replacement_seller_innovation","innovation_replacement_government_innovation","innovation_replacement_feed_innovation","innovation_replacement_market_innovation","challenges_water","challenges_water_cost_water","challenges_water_distance_water","challenges_water_diseases_water","challenges_water_unavailability_water","challenges_water_unpalatability_water","challenges_water_toxicity_water","challenges_water_pred","challenges_water_sec","challenges_feed","challenges_feed_cost_feed","challenges_feed_distance_feed","challenges_feed_diseases_feed","challenges_feed_unavailability_feed","challenges_feed_unpalatability_feed","challenges_feed_toxicity_feed","challenges_feed_seasonality","challenges_feed_sec","challenges_feed_pred","peak_selling_month","peak_selling_month_1","peak_selling_month_2","peak_selling_month_3","peak_selling_month_4","peak_selling_month_5","peak_selling_month_6","peak_selling_month_7","peak_selling_month_8","peak_selling_month_9","peak_selling_month_10","peak_selling_month_11","peak_selling_month_12","barriers_entry_livestock","barriers_entry_livestock_vet_barriers","barriers_entry_livestock_input_barriers","barriers_entry_livestock_customer_barriers","barriers_entry_livestock_social_barriers","barriers_entry_livestock_legal_barriers","barriers_entry_livestock_financial_barriers","barriers_entry_livestock_insecurity","barriers_entry_livestock_drought","barriers_entry_livestock_climate","housing_type","num_rooms","num_bedrooms","rooms_rented","num_rooms_rented","floor_material","wall_material","roof_material","housing_owned","house_land_owned","other_land_owned","other_land_ownership","other_land_owned_location","land_use","grazing_or_crops","own_car","own_motorbike","own_bicycle","own_cart","electricity","electricity_source","electricity_source_kplc","electricity_source_solar","electricity_source_solar_small","electricity_source_gen_private","electricity_source_gen_shared","fridge","tv","radio","smartphone","basic_phone","bank","mpesa","cooking_location","cooking_source","lighting_source","drinking_water_source","non_drinking_water_source","water_supply_regular","water_storage","water_storage_type","water_storage_type_tank","water_storage_type_closed_container","water_storage_type_open_container","water_treatment","water_treatment_boiling","water_treatment_chemical","water_treatment_filtering","water_treatment_none","water_treat_amount","water_quality_rate","water_share_livestock","toilet_facilities","toilet_location","toilet_male_female","toilet_shared","waste_water","hh_waste","hh_waste_river","hh_waste_road","hh_waste_private_pit","hh_waste_public_pit","hh_waste_burn","hh_waste_garbage_disposal","hh_waste_anywhere","hh_waste_biogas","FCSNote","FCSStap","FCSStap_SRf","FCSPulse","FCSPulse_SRf","FCSDairy","FCSDairy_SRf","FCSPr","FCSPr_SRf","FCSVeg","FCSVeg_SRf","FCSFruit","FCSFruit_SRf","FCSFat","FCSFat_SRf","FCSSugar","FCSSugar_SRf","FCSCond","FCSCond_SRf","info_trust_note","info_climate","info_climate_government","info_climate_conversation","info_climate_telephone","info_climate_radio","info_climate_text_messages","info_climate_social_media","info_climate_rank","info_climate_trust_government","info_climate_trust_conversation","info_climate_trust_telephone","info_climate_trust_radio","info_climate_trust_text_messages","info_climate_trust_social_media","info_health","info_health_government","info_health_health_pro","info_health_conversation","info_health_telephone","info_health_radio","info_health_text_messages","info_health_social_media","info_health_rank","info_health_trust_government","info_health_trust_health_pro","info_health_trust_conversation","info_health_trust_telephone","info_health_trust_radio","info_health_trust_text_messages","info_health_trust_social_media","freq_bat","loc_bats","loc_bats_water","loc_bats_livestock","loc_bats_homestead","loc_bats_caves","loc_bats_trees","loc_bats_building","loc_bats_flying","loc_bats_ns","bat_fruits","bat_contact","bat_contact_hunting","bat_contact_meat","bat_contact_manure","bat_contact_waste","bat_contact_children","bat_contact_fruit","bat_contact_no_contact","animal_bat","animal_bat_dog","animal_bat_owl","animal_bat_snakes","animal_bat_hawks","livestock_bats","livestock_bats_grazing","livestock_bats_rest","livestock_bats_fruit","livestock_bats_no","livestock_bats_ns","perc_bats","perc_bats_nuisance","perc_bats_important_environment","perc_bats_disease_carrier","perc_bats_important_cultural","perc_bats_no_perception","thanks","_id","uuid","challenges_water_other","barriers_entry_livestock_other","water_treatment_other","animal_bat_other","__version__","instanceID","_xform_id_string","_uuid","_status","_submission_time","_validation_status","_submitted_by","enumerator_other","source_water_other","milk_product_buyer_other","who_meat_other","constraints_replacement_other","innovation_replacement_other","challenges_feed_other","milk_products_goat_other","action_end_production_other","own_stock_cattle_other","own_stock_sheep_other","own_stock_goats_other","own_stock_camels_other","source_feeds_other","milk_products_other","source_replacement_sheep_other","other_sources_sheep_other","source_replacement_camels_other","other_sources_camels_other","lighting_source_other","waste_water_other","source_replacement_cattle_other","livestock_market_cattle_other","other_sources_cattle_other","livestock_market_sheep_other","livestock_market_goats_other","milk_buyer_other","source_replacement_donkeys_other"
2024-04-25 05:55:25.652,2024-04-25 06:41:56.563,2024-04-25,"collect:Ko3jwT6G31vuAcKR","2","samburu","porro","DHH010001","cattle sheep goats poultry",1,1,1,0,1,0,0,0,"own_stock livestock_markets",1,1,0,0,0,,,"cost",0,0,1,"avail",1,0,0,,,,,,,,,"own_stock livestock_markets",1,1,0,5,0,,,"cost",0,0,1,"avail",1,0,0,,,,,,,,,"own_stock",1,0,0,1,,,,"cost",0,0,1,,,,,,,,,,,,,,,,,,,,,,,,,,,,,,,,,,,,,,,,,,,,,,,,,,,,,,,,,,,,,"no",,,,,"public_borehole communal_watering_point",1,0,1,0,0,"no",,,,,,,,,,,,,,,,,,,,,,,,,,,,,,,,0,,,,,,"male old",0,1,0,0,0,1,0,"yes","milk meat eggs",1,0,1,1,0,0,0,0,0,0,0,"no",,,,,,,,,"yes","sheep_milk",0,0,0,1,,,,,,,,,,,,,,,,,,,,,,,,,,,,,,,,,,,"milk_product_neighbours",0,0,0,0,1,0,90,"home",0,1,"none",0,0,0,0,0,0,0,0,0,0,1,,,,,,,,,"no","no","yes","old incur prod finan weath",1,1,1,1,1,"sold",1,0,0,"cost_replacement",1,0,0,0,0,0,0,0,0,0,0,"treat_innovation",0,0,0,1,0,0,0,0,0,0,"other",0,0,0,0,0,0,0,0,"unavailability_feed seasonality",0,0,0,1,0,0,1,0,0,"11 12",0,0,0,0,0,0,0,0,0,0,1,1,"drought other",0,0,0,0,0,0,0,1,0,"manyatta",3,2,"no",,"dirt","mud","mud_dung","constructed","own","no",,,,,"no","no","no","no","no",,,,,,,"no","no","yes","yes",,"no","yes","in_house","firewood","solar","borehole","borehole","yes","yes","tank",1,0,0,"other",0,0,0,0,"none","very_clean","yes","no_facility",,"no","yes","ground","burn",0,0,0,0,1,0,0,0,,4,"purchase",4,"purchase",0,,2,"own_production",7,"purchase",0,,7,"purchase",7,"purchase",7,"purchase",,"government conversation radio",1,1,0,1,0,0,"radio conversation government","a_little","not_very_much",,"a_little",,,"conversation government radio",1,0,1,0,1,0,0,"government radio conversation","a_lot",,"not_very_much",,"a_little",,,"rarely","trees",0,0,0,0,1,0,0,0,"dont_know","no_contact",0,0,0,0,0,0,1,"other",0,0,0,0,"grazing",1,0,0,0,0,"important_environment",0,1,0,0,0,,333281803,"34ecc3ace825465088d1c914a5a6c94a","No challenges regarding water sources in this household","Diseases especially FMD","They get drinking water from borehole so they do not treatment it","She has not seen","vJcmWt5muTEzVVXzLuBauC","uuid:9b581136-ec9f-4d88-93ae-6fa23ba086b0","aJHgNDAqCFzoTX8EoppcsZ","9b581136-ec9f-4d88-93ae-6fa23ba086b0","submitted_via_web",2024-04-25 18:25:07,,"dtra_nk",,,,,,,,,,,,,,,,,,,,,,,,,,,,
2024-04-26 08:02:39.012,2024-04-26 08:27:49.129,2024-04-26,"collect:xrIEUbZY74xsroUV","other","samburu","porro","DHH010002","cattle sheep goats camels poultry",1,1,1,1,1,0,0,0,"livestock_markets",0,1,0,,0,,,,,,,"var avail",1,1,0,,,,,,,,,"own_stock",1,0,0,13,,,,"cost",0,0,1,,,,,,,,,,,,,"own_stock",1,0,0,8,,,,"cost",0,0,1,,,,,,,,,,,,,"own_stock",1,0,0,6,,,,"cost",0,0,1,,,,,,,,,,,,,,,,,,,,,,,,,,,,,,,,,,,,,"no",,,,,"other",0,0,0,0,0,"yes","goats sheep",0,1,1,0,0,,,,,"sheep_traders",0,1,0,"goats_traders",0,1,0,,,,,,,,,,4,6,,,0,,6000,0,,,"mature male",0,0,0,1,0,1,0,"yes","milk meat eggs manure",1,0,1,1,0,0,1,0,12,6,6,"yes",3,"mala",0,0,1,0,0,0,"yes","camel_milk",0,1,0,0,10,5,5,"no",,,,,,,,,,,,,,,,,"temperature_raising",0,1,0,0,0,0,"milk_shops",0,0,0,0,1,90,"other",0,0,0,0,0,0,0,"home",0,1,"raw tripes organs",1,0,0,0,0,0,1,1,0,0,0,"other",0,0,0,0,0,0,0,"no","no","yes","old finan",1,0,0,1,0,"sold",1,0,0,"other",0,0,0,0,0,0,0,0,0,0,0,"individual_seller_innovation other",0,1,0,0,0,0,0,0,0,0,"other",0,0,0,0,0,0,0,0,"other",0,0,0,0,0,0,0,0,0,"12 8",0,0,0,0,0,0,0,1,0,0,0,1,"vet_barriers",1,0,0,0,0,0,0,0,0,"rural_house",3,1,"no",,"dirt","cement","mabati","constructed","own","no",,,,,"yes","no","no","no","no",,,,,,,"no","no","yes","yes",,"yes","yes","in_house","charcoc","solar","rainwater","borehole","no","yes","tank",1,0,0,"chemical",0,1,0,0,"all","very_clean","no","pit_slab","in_compound","no","no","ground","burn",0,0,0,0,1,0,0,0,,2,"purchase",0,,7,"own_production",2,"own_production",0,,0,,7,"purchase",7,"purchase",7,"own_production",,"radio",0,0,0,1,0,0,"radio",,,,"a_little",,,"conversation",0,0,1,0,0,0,0,"conversation",,,"not_very_much",,,,,"daily","homestead",0,0,1,0,0,0,0,0,"dont_know","no_contact",0,0,0,0,0,0,1,"other",0,0,0,0,"rest",0,1,0,0,0,"nuisance disease_carrier",1,0,1,0,0,,333633208,"34ecc3ace825465088d1c914a5a6c94a","None",,,"None","vJcmWt5muTEzVVXzLuBauC","uuid:23040c59-8565-4c68-ab22-8abd636357dc","aJHgNDAqCFzoTX8EoppcsZ","23040c59-8565-4c68-ab22-8abd636357dc","submitted_via_web",2024-04-26 19:10:12,,"dtra_nk","Dickson","Dam","No selling","None sold","None","Asks for ID","Not bought",,,,,,,,,,,,,,,,,,,,,
2024-04-27 07:06:38.315,2024-04-27 07:29:09.553,2024-04-27,"collect:xrIEUbZY74xsroUV","other","samburu","porro","DHH010003","cattle sheep goats camels poultry",1,1,1,1,1,0,0,0,"livestock_markets",0,1,0,,3,,,,,,,"var cost",0,1,1,,,,,,,,,"livestock_markets",0,1,0,,15,,,,,,,"var cost",0,1,1,,,,,,,,,"livestock_markets",0,1,0,,3,,,,,,,"var cost",0,1,1,,,,,,,,,"livestock_markets",0,1,0,,0,,,,,,,"var cost",0,1,1,,,,,,,,,,,,,,,,,,,,,,,,,,,,,,,,,"no",,,,,"communal_watering_point",0,0,1,0,0,"yes","sheep",0,1,0,0,0,,,,,"sheep_traders",0,1,0,,,,,,,,,,,,,,0,,,,0,,8500,,,,"mature male",0,0,0,1,0,1,0,"yes","milk meat eggs blood manure",1,0,1,1,0,1,1,0,6,0,6,"yes",2,"mala butter tea",1,0,1,0,0,1,"yes","camel_milk goat_milk sheep_milk",1,1,0,1,5,0,5,"no",,,,,,,15,0,15,"yes",5,"mala_goat",0,0,1,0,"temperature_lowering",1,0,0,0,0,0,,,,,,,,"other",0,0,0,0,0,0,0,"home",0,1,"raw tripes skin organs blood",1,0,0,0,0,1,1,1,1,0,0,"other",0,0,0,0,0,0,0,"yes","no","yes","finan incur old",1,0,1,1,0,"sold slaughter_home",1,1,0,"sick_replacement cost_replacement food_water_replacement",1,0,0,1,0,0,0,0,0,1,0,"market_innovation seasons_innovation",1,0,0,0,0,0,0,0,0,1,"other",0,0,0,0,0,0,0,0,"other",0,0,0,0,0,0,0,0,0,"8 4 6",0,0,0,1,0,1,0,1,0,0,0,0,"drought insecurity",0,0,0,0,0,0,1,1,0,"manyatta",3,2,"no",,"dirt","mud","mud_dung","constructed","own","yes","own","less_30_min_walk","grazing",,"no","no","no","no","no",,,,,,,"no","no","yes","yes",,"yes","yes","in_house","firewood","solar","rainwater","surface_water","yes","yes","tank",1,0,0,"none",0,0,0,1,,"clean","no","open_pit","in_compound","no","no","ground","burn",0,0,0,0,1,0,0,0,,3,"purchase",0,,7,"own_production",0,,0,,0,,7,"purchase",7,"purchase",7,"own_production",,"conversation",0,1,0,0,0,0,"conversation",,"a_lot",,,,,"conversation government",1,0,1,0,0,0,0,"conversation government","a_lot",,"a_little",,,,,"weekly","livestock homestead",0,1,1,0,0,0,0,0,"dont_know","no_contact",0,0,0,0,0,0,1,"other",0,0,0,0,"no",0,0,0,1,0,"nuisance",1,0,0,0,0,,333934157,"34ecc3ace825465088d1c914a5a6c94a","Non35",,,"None","vJcmWt5muTEzVVXzLuBauC","uuid:182d7023-9272-4f55-960c-280ec2fc7b16","aJHgNDAqCFzoTX8EoppcsZ","182d7023-9272-4f55-960c-280ec2fc7b16","submitted_via_web",2024-04-28 03:20:59,,"dtra_nk","Dickson",,"Not sold","Not sold",,,"None",,,,,,,,,,,,,,,,,,,,,
2024-04-28 06:46:13.182,2024-04-28 07:21:48.005,2024-04-28,"collect:xrIEUbZY74xsroUV","other","samburu","porro","DHH010004","cattle sheep goats poultry",1,1,1,0,1,0,0,0,"own_stock livestock_markets",1,1,0,3,0,,,"cost",0,0,1,"var",0,1,0,,,,,,,,,"own_stock livestock_markets",1,1,0,10,0,,,"cost",0,0,1,"var",0,1,0,,,,,,,,,"own_stock livestock_markets",1,1,0,0,0,,,"cost",0,0,1,"var",0,1,0,,,,,,,,,,,,,,,,,,,,,,,,,,,,,,,,,,,,,,,,,,,,,,,,,,,,,,,,,"yes","agrovet",1,0,0,"communal_watering_point",0,0,1,0,0,"yes","sheep",0,1,0,0,0,,,,,"other_sheep_buyers sheep_traders",0,1,1,,,,,,,,,,,,,,15,,,,0,,12000,,,,"male mature extra_stock",0,0,0,1,1,1,0,"yes","milk meat eggs blood manure hides",1,0,1,1,1,1,1,0,2,0,2,"yes",1,"mala tea ghee",0,0,1,0,1,1,"yes","goat_milk",1,0,0,0,,,,,,,,,,,3,0,3,"yes",1,"mala_goat other",0,0,1,0,"temperature_raising lowering_ph",0,1,0,0,1,0,,,,,,,,"other",0,0,0,0,0,0,0,"home",0,1,"raw blood tripes organs skin",1,0,0,0,0,1,1,1,1,0,0,"other",0,0,0,0,0,0,0,"no","no","no",,,,,,,"other",0,0,0,"seasonality_replacement sick_replacement insecurity_replacement food_water_replacement",0,1,0,1,0,0,0,0,1,1,0,"other treat_innovation",0,0,0,1,0,0,0,0,0,0,"unpalatability_water diseases_water distance_water",0,1,1,0,1,0,0,0,"other",0,0,0,0,0,0,0,0,0,"4 8 1",1,0,0,1,0,0,0,1,0,0,0,0,"insecurity drought financial_barriers vet_barriers",1,0,0,0,0,1,1,1,0,"manyatta",3,2,"no",,"dirt","reused_wood","plastic_sheet","constructed","own","yes","own","less_30_min_walk","both","grazing","no","yes","no","no","no",,,,,,,"no","no","yes","yes",,"yes","yes","in_house","firewood","solar","surface_water","surface_water","no","yes","closed_container",0,1,0,"none",0,0,0,1,,"dirty","yes","no_facility",,"no","yes","ground","anywhere burn",0,0,0,0,1,0,1,0,,0,,2,"purchase",7,"own_production",2,"own_production",3,"purchase",0,,7,"purchase",7,"purchase",7,"purchase",,"conversation social_media",0,1,0,0,0,1,"conversation social_media",,"a_lot",,,,"a_little","conversation",0,0,1,0,0,0,0,"conversation",,,"a_little",,,,,"rarely","homestead livestock trees",0,1,1,0,1,0,0,0,"dont_know","no_contact",0,0,0,0,0,0,1,"snakes",0,0,1,0,"grazing rest",1,1,0,0,0,"nuisance",1,0,0,0,0,,334087427,"34ecc3ace825465088d1c914a5a6c94a",,,,,"vJcmWt5muTEzVVXzLuBauC","uuid:7c9aa630-8a94-4dfc-b097-e98754072e3c","aJHgNDAqCFzoTX8EoppcsZ","7c9aa630-8a94-4dfc-b097-e98754072e3c","submitted_via_web",2024-04-28 18:33:17,,"dtra_nk","Dickson",,"Don't sell","Not sold",,"Migration","None","Ghee","Not culled",,,,,,,,,,,,,,,,,,,
2024-04-29 06:52:18.439,2024-04-29 07:37:23.752,2024-04-29,"collect:W7gdBJ4Ypb4GvukP","2","samburu","porro","DHH010005","cattle sheep goats poultry",1,1,1,0,1,0,0,0,"own_stock livestock_markets",1,1,0,1,2,,,"other prev_dis",1,0,0,"avail",1,0,0,,,,,,,,,"own_stock livestock_markets",1,1,0,20,4,,,"prev_dis",1,0,0,"avail",1,0,0,,,,,,,,,"own_stock livestock_markets",1,1,0,1,0,,,"prev_dis",1,0,0,"avail var",1,1,0,,,,,,,,,,,,,,,,,,,,,,,,,,,,,,,,,,,,,,,,,,,,,,,,,,,,,,,,,"yes","market",0,0,1,"communal_watering_point public_borehole",1,0,1,0,0,"yes","sheep",0,1,0,0,0,,,,,"sheep_traders",0,1,0,,,,,,,,,,,,,,4,,,,0,,14000,,,,"male old",0,1,0,0,0,1,0,"yes","eggs milk meat",1,0,1,1,0,0,0,0,8,0,8,"no",,,,,,,,,"yes","sheep_milk",0,0,0,1,,,,,,,,,,,,,,,,,,,,,,,,,,,,,,,,,,,"other",0,0,0,0,0,0,30,"home",0,1,"none",0,0,0,0,0,0,0,0,0,0,1,,,,,,,,,"no","no","yes","old finan prod",1,1,0,1,0,"sold",1,0,0,"seasonality_replacement",0,1,0,0,0,0,0,0,0,0,0,"treat_innovation seasons_innovation individual_seller_innovation",1,1,0,1,0,0,0,0,0,0,"unavailability_water diseases_water cost_water",1,0,1,1,0,0,0,0,"cost_feed unavailability_feed",1,0,0,1,0,0,0,0,0,"11 12",0,0,0,0,0,0,0,0,0,0,1,1,"drought climate input_barriers",0,1,0,0,0,0,0,1,1,"manyatta",2,1,"no",,"dirt","mud","mud_dung","constructed","squatting","yes","rent_free","vehicle","both","agriculture","no","yes","yes","no","no",,,,,,,"no","no","yes","yes",,"yes","yes","in_house","firewood","solar","borehole","surface_water","yes","yes","tank closed_container",1,1,0,"boiling",1,0,0,0,"all","clean","yes","open_pit","in_compound","no","yes","ground","burn",0,0,0,0,1,0,0,0,,5,"purchase",3,"purchase",2,"purchase",2,"own_production",3,"purchase",2,"purchase",1,"purchase",1,"purchase",1,"purchase",,"radio conversation government",1,1,0,1,0,0,"radio government conversation","a_little","not_very_much",,"not_very_much",,,"radio government conversation",1,0,1,0,1,0,0,"government conversation radio","a_lot",,"a_little",,"a_lot",,,"daily","building",0,0,0,0,0,1,0,0,"dont_know","waste",0,0,0,1,0,0,0,"other",0,0,0,0,"ns",0,0,0,0,1,"no_perception",0,0,0,0,1,,334405942,"34ecc3ace825465088d1c914a5a6c94a",,,,"Don't know","vJcmWt5muTEzVVXzLuBauC","uuid:8b06b678-eace-4d9e-bf43-8a006bd89168","aJHgNDAqCFzoTX8EoppcsZ","8b06b678-eace-4d9e-bf43-8a006bd89168","submitted_via_web",2024-04-29 19:27:14,,"dtra_nk",,,"Don't make or sell any milk products",,,,,,,"Better breeds",,,,,,,,,,,,,,,,,,
2024-05-20 04:37:45.33,2024-05-20 17:39:54.9,2024-05-20,"collect:xrIEUbZY74xsroUV","2","samburu","ndoto","DHH010007","cattle sheep goats camels",1,1,1,1,0,0,0,0,"own_stock livestock_markets",1,1,0,0,0,,,"prev_dis cost",1,0,1,"avail var",1,1,0,,,,,,,,,"own_stock livestock_markets",1,1,0,0,0,,,"prev_dis",1,0,0,"avail",1,0,0,,,,,,,,,"own_stock livestock_markets",1,1,0,0,0,,,"prev_dis",1,0,0,"avail",1,0,0,,,,,,,,,"own_stock livestock_markets",1,1,0,0,0,,,"prev_dis avail",1,1,0,"avail var",1,1,0,,,,,,,,,,,,,,,,,,,,,,,,,,,,,,,,,"no",,,,,"communal_watering_point",0,0,1,0,0,"yes","sheep goats",0,1,1,0,0,,,,,"sheep_traders other_sheep_buyers",0,1,1,"goats_traders other_goat_keepers",0,1,1,,,,,,,,,,6,15,,,2,,10000,60000,,,"male old",0,1,0,0,0,1,0,"yes","milk",1,0,0,0,0,0,0,0,6,0,6,"no",,,,,,,,,"yes","goat_milk",1,0,0,0,,,,,,,,,,,4,0,4,"no",,,,,,,,,,,,,,,,,,,,,"other",0,0,0,0,0,0,0,,,,,,,,,,,,,,,,,,,,,,,,"no","no","yes","old incur finan weath",1,0,1,1,1,"sold",1,0,0,"cost_replacement seasonality_replacement",1,1,0,0,0,0,0,0,0,0,0,"individual_seller_innovation",0,1,0,0,0,0,0,0,0,0,"unavailability_water sec distance_water other",0,1,0,1,0,0,0,1,"cost_feed seasonality distance_feed unavailability_feed",1,1,0,1,0,0,1,0,0,"11 12",0,0,0,0,0,0,0,0,0,0,1,1,"insecurity drought climate financial_barriers vet_barriers customer_barriers",1,0,1,0,0,1,1,1,1,"manyatta",2,1,"no",,"dirt","mud","thatch","constructed","communal_land","no",,,,,"no","yes","no","no","no",,,,,,,"no","no","no","yes",,"no","yes","in_house","firewood","solar","water_kiosk","surface_water","no","yes","tank closed_container",1,1,0,"none",0,0,0,1,,"clean","no","no_facility",,"no","yes","ground","burn",0,0,0,0,1,0,0,0,,0,,3,"other",7,"own_production",2,"own_production",0,,0,,2,"purchase",7,"purchase",7,"purchase",,"government radio conversation",1,1,0,1,0,0,"conversation radio government","a_lot","a_lot",,"a_lot",,,"government radio",1,0,0,0,1,0,0,"government radio","a_lot",,,,"a_lot",,,"never","ns",0,0,0,0,0,0,0,1,"dont_know","no_contact",0,0,0,0,0,0,1,"other",0,0,0,0,"ns",0,0,0,0,1,"no_perception",0,0,0,0,1,,340982342,"34ecc3ace825465088d1c914a5a6c94a","Elephants destroys pipes from the water source",,,"Don't know","vJcmWt5muTEzVVXzLuBauC","uuid:7944d68d-4504-48bb-9d53-c3af2569b218","aJHgNDAqCFzoTX8EoppcsZ","7944d68d-4504-48bb-9d53-c3af2569b218","submitted_via_web",2024-05-20 17:42:58,,"dtra_nk",,,"They don't sell milk",,,,,,,,,,,,,,,,,,,,,,,,,
2024-05-20 09:10:05.721,2024-05-20 17:48:14.257,2024-05-20,"collect:1bOpT8Dav9Qc7PQz","other","samburu","ndoto","DHH010008","cattle sheep goats camels",1,1,1,1,0,0,0,0,"own_stock",1,0,0,2,,,,"other",0,0,0,,,,,,,,,,,,,"own_stock",1,0,0,4,,,,"other",0,0,0,,,,,,,,,,,,,"own_stock",1,0,0,4,,,,"other",0,0,0,,,,,,,,,,,,,"own_stock",1,0,0,1,,,,"other",0,0,0,,,,,,,,,,,,,,,,,,,,,,,,,,,,,,,,,,,,,"yes","other",0,0,0,"private_borehole",0,1,0,0,0,"yes","cattle sheep goats camels",1,1,1,0,1,"cattle_traders other_cattle_keepers",0,1,1,"sheep_traders other_sheep_buyers",0,1,1,"goats_traders other_goat_keepers",0,1,1,"other_camel_keepers_buy camel_traders",0,1,1,,,,,0,1,3,0,,0,50000,10000,50000,10000,,"male",0,0,0,0,0,1,0,"yes","milk meat blood manure",1,0,1,0,0,1,1,0,3,0,3,"yes",3,"other",0,0,0,0,0,0,"yes","goat_milk camel_milk",1,1,0,0,2,0,2,"no",,,,,,,1,0,1,"no",,,,,,,"temperature_lowering",1,0,0,0,0,0,,,,,,,,"other",0,0,0,0,0,0,0,"home",0,1,"none",0,0,0,0,0,0,0,0,0,0,1,,,,,,,,,"no","no","yes","finan prod old",1,1,0,1,0,"sold",1,0,0,"other",0,0,0,0,0,0,0,0,0,0,0,"other",0,0,0,0,0,0,0,0,0,0,"pred",0,0,0,0,0,0,1,0,"pred seasonality sec",0,0,0,0,0,0,1,1,1,"2 3",0,1,1,0,0,0,0,0,0,0,0,0,"vet_barriers drought",1,0,0,0,0,0,0,1,0,"manyatta",3,1,"no",,"dirt","reused_wood","plastic_sheet","constructed","own","yes","own","more_30_min_walk","neither",,"no","no","no","no","no",,,,,,,"no","no","no","no","yes","yes","yes","separate_building","firewood","solar","piped_compound","borehole","no","no",,,,,"none",0,0,0,1,,"very_clean","no","no_facility",,"no","yes","ground","burn",0,0,0,0,1,0,0,0,,1,"purchase",1,"purchase",7,"own_production",1,"own_production",0,,0,,7,"purchase",7,"purchase",7,"purchase",,"radio",0,0,0,1,0,0,"radio",,,,"not_very_much",,,"radio health_pro",0,1,0,0,1,0,0,"health_pro radio",,"a_lot",,,"not_very_much",,,"daily","homestead livestock flying",0,1,1,0,0,0,1,0,"no","waste",0,0,0,1,0,0,0,"other",0,0,0,0,"rest",0,1,0,0,0,"no_perception",0,0,0,0,1,,340983627,"34ecc3ace825465088d1c914a5a6c94a",,,,"Rats","vJcmWt5muTEzVVXzLuBauC","uuid:ac05eb1c-d750-4bb9-b6ff-13a105aa6b3b","aJHgNDAqCFzoTX8EoppcsZ","ac05eb1c-d750-4bb9-b6ff-13a105aa6b3b","submitted_via_web",2024-05-20 17:48:27,,"dtra_nk","Dickson",,"Do not sell",,"N9ne","Does not buy",,,,"Personal","Personal preference","Persknal preference","Personal","Shops","Mala",,,,,,,,,,,,,
2024-05-21 04:45:16.829,2024-05-21 13:36:24.037,2024-05-21,"collect:xrIEUbZY74xsroUV","2","samburu","ndoto","DHH010009","cattle sheep goats camels donkeys",1,1,1,1,0,0,0,1,"own_stock",1,0,0,7,,,,"prev_dis",1,0,0,,,,,,,,,,,,,"own_stock",1,0,0,0,,,,"avail prev_dis",1,1,0,,,,,,,,,,,,,"own_stock",1,0,0,20,,,,"prev_dis",1,0,0,,,,,,,,,,,,,"own_stock",1,0,0,0,,,,"prev_dis",1,0,0,,,,,,,,,,,,,"own_stock",1,0,0,0,,,,"avail",0,1,0,,,,,,,,,,,,,"yes","market",0,0,1,"communal_watering_point public_borehole",1,0,1,0,0,"yes","sheep goats cattle",1,1,1,0,0,"cattle_traders",0,1,0,"sheep_traders",0,1,0,"goats_traders",0,1,0,,,,,,,,,2,0,20,,,0,50000,10000,60000,,,"male old mature",0,1,0,1,0,1,0,"yes","milk meat blood",1,0,1,0,0,1,0,0,0,0,0,"no",,,,,,,,,"yes","goat_milk camel_milk",1,1,0,0,10,0,10,"no",,,,,,,5,0,5,"no",,,,,,,,,,,,,,,,,,,,,"other",0,0,0,0,0,0,0,"home",0,1,"none",0,0,0,0,0,0,0,0,0,0,1,,,,,,,,,"no","no","yes","old incur",1,0,1,0,0,"sold",1,0,0,"cost_replacement seasonality_replacement",1,1,0,0,0,0,0,0,0,0,0,"individual_seller_innovation time_innovation",0,1,1,0,0,0,0,0,0,0,"unavailability_water other",0,0,0,1,0,0,0,0,"unavailability_feed cost_feed other",1,0,0,1,0,0,0,0,0,"10 11",0,0,0,0,0,0,0,0,0,1,1,0,"drought climate vet_barriers",1,0,0,0,0,0,0,1,1,"manyatta",2,1,"no",,"dirt","mud","mud_dung","constructed","communal_land","no",,,,,"no","no","no","no","no",,,,,,,"no","no","no","yes",,"no","yes","in_house","firewood","solar","well_unprotected","well_unprotected","yes","yes","tank",1,0,0,"none",0,0,0,1,,"clean","yes","no_facility",,"no","yes","ground","burn",0,0,0,0,1,0,0,0,,1,"purchase",1,"purchase",7,"own_production",0,,0,,0,,4,"purchase",7,"purchase",7,"purchase",,"radio government",1,0,0,1,0,0,"radio government","not_very_much",,,"not_very_much",,,"government radio",1,0,0,0,1,0,0,"radio government","not_very_much",,,,"not_very_much",,,"daily","flying",0,0,0,0,0,0,1,0,"dont_know","no_contact",0,0,0,0,0,0,1,"other",0,0,0,0,"ns",0,0,0,0,1,"no_perception",0,0,0,0,1,,341381551,"34ecc3ace825465088d1c914a5a6c94a","Sometimes there is boreholes breakdown",,,"Don't know","vJcmWt5muTEzVVXzLuBauC","uuid:97c7eccc-bd63-4378-832a-52adad1a3d11","aJHgNDAqCFzoTX8EoppcsZ","97c7eccc-bd63-4378-832a-52adad1a3d11","submitted_via_web",2024-05-21 19:02:22,,"dtra_nk",,,"Do not sell milk",,,,"Difficult to feed the whole herd or flock",,,,,,,,,,,,,,,,,,,,,
2024-05-21 07:21:51.65,2024-05-21 13:39:13.509,2024-05-21,"collect:xrIEUbZY74xsroUV","2","samburu","ndoto","DHH010010","cattle sheep goats camels donkeys",1,1,1,1,0,0,0,1,"own_stock livestock_markets",1,1,0,0,2,,,"prev_dis",1,0,0,"avail",1,0,0,,,,,,,,,"other",0,0,0,,,,0,,,,,,,,,,,,,"other",0,0,0,"own_stock livestock_markets",1,1,0,0,3,,,"prev_dis",1,0,0,"avail",1,0,0,,,,,,,,,"other",0,0,0,,,,0,,,,,,,,,,,,,"other",0,0,0,"livestock_markets",0,1,0,,1,,,,,,,"avail",1,0,0,,,,,,,,,"yes","market",0,0,1,"communal_watering_point",0,0,1,0,0,"yes","goats sheep cattle",1,1,1,0,0,"cattle_traders",0,1,0,"sheep_traders",0,1,0,"goats_traders",0,1,0,,,,,,,,,10,10,10,,,0,60000,10000,70000,,,"male old",0,1,0,0,0,1,0,"yes","milk meat blood",1,0,1,0,0,1,0,0,6,0,0,"no",,,,,,,,,"yes","goat_milk sheep_milk camel_milk",1,1,0,1,2,0,2,"no",,,,,,,2,0,0,"no",,,,,,,,,,,,,,,,,,,,,"other",0,0,0,0,0,0,0,"home",0,1,"none",0,0,0,0,0,0,0,0,0,0,1,,,,,,,,,"no","no","yes","old incur",1,0,1,0,0,"sold",1,0,0,"seasonality_replacement cost_replacement",1,1,0,0,0,0,0,0,0,0,0,"other",0,0,0,0,0,0,0,0,0,0,"unavailability_water",0,0,0,1,0,0,0,0,"cost_feed unavailability_feed",1,0,0,1,0,0,0,0,0,"10 11 12 2 3 6 7 4",0,1,1,1,0,1,1,0,0,1,1,1,"drought climate",0,0,0,0,0,0,0,1,1,"manyatta",2,1,"no",,"dirt","mud","thatch","constructed","communal_land","no",,,,,"no","no","no","no","no",,,,,,,"no","no","no","no","yes","no","yes","in_house","charcoc","solar","well_protected","well_protected","yes","no",,,,,"none",0,0,0,1,,"dirty","yes","no_facility",,"no","yes","ground","burn anywhere",0,0,0,0,1,0,1,0,,7,"purchase",0,,7,"own_production",0,,0,,0,,2,"purchase",7,"purchase",7,"purchase",,"government radio conversation",1,1,0,1,0,0,"government conversation radio","a_lot","a_lot",,"a_little",,,"government radio conversation",1,0,1,0,1,0,0,"government conversation radio","a_lot",,"a_little",,"a_little",,,"daily","flying",0,0,0,0,0,0,1,0,"dont_know","no_contact",0,0,0,0,0,0,1,"other",0,0,0,0,"grazing rest",1,1,0,0,0,"no_perception",0,0,0,0,1,,341381556,"34ecc3ace825465088d1c914a5a6c94a",,,,"Don't know
","vJcmWt5muTEzVVXzLuBauC","uuid:4ed26e25-c069-4a0e-81aa-aab460cfa26b","aJHgNDAqCFzoTX8EoppcsZ","4ed26e25-c069-4a0e-81aa-aab460cfa26b","submitted_via_web",2024-05-21 19:02:23,,"dtra_nk",,,"Don't sell",,,"Do nothing",,,,,,,,,,"Don't replace sheep","Don't replace sheep","Got in form of dowry","Not replaced",,,,,,,,,
2024-05-22 04:16:15.406,2024-05-22 17:14:14.534,2024-05-22,"collect:xrIEUbZY74xsroUV","2","samburu","ndoto","DHH010011","cattle sheep goats camels poultry donkeys",1,1,1,1,1,0,0,1,"own_stock livestock_markets",1,1,0,6,0,,,"prev_dis cost",1,0,1,"var",0,1,0,,,,,,,,,"own_stock",1,0,0,1,,,,"prev_dis",1,0,0,,,,,,,,,,,,,"own_stock",1,0,0,6,,,,"prev_dis",1,0,0,,,,,,,,,,,,,"own_stock",1,0,0,0,,,,"prev_dis",1,0,0,,,,,,,,,,,,,"own_stock",1,0,0,0,,,,"prev_dis",1,0,0,,,,,,,,,,,,,"yes","agrovet other",1,0,0,"communal_watering_point",0,0,1,0,0,"yes","cattle sheep goats camels",1,1,1,0,1,"cattle_traders",0,1,0,"sheep_traders",0,1,0,"goats_traders",0,1,0,"camel_traders",0,0,1,,,,,3,0,10,2,,0,40000,7000,50000,7000,,"old male",0,1,0,0,0,1,0,"yes","milk meat eggs blood",1,0,1,1,0,1,0,0,5,0,5,"no",,,,,,,,,"no",,,,,,,,,,,,,,,,,,,,,,,,,,,,,,,,,,,,,,,,"other",0,0,0,0,0,0,0,"home",0,1,"none",0,0,0,0,0,0,0,0,0,0,1,,,,,,,,,"no","yes","yes","old incur",1,0,1,0,0,"sold slaughter_home",1,1,0,"cost_replacement seasonality_replacement",1,1,0,0,0,0,0,0,0,0,0,"individual_seller_innovation seasons_innovation",1,1,0,0,0,0,0,0,0,0,"unavailability_water pred sec",0,0,0,1,0,0,1,1,"unavailability_feed cost_feed",1,0,0,1,0,0,0,0,0,"11 12",0,0,0,0,0,0,0,0,0,0,1,1,"drought climate insecurity",0,0,0,0,0,0,1,1,1,"manyatta",2,1,"no",,"dirt","mud","thatch","constructed","communal_land","no",,,,,"no","yes","no","yes","no",,,,,,,"no","no","yes","yes",,"no","yes","in_house","firewood","solar","well_unprotected","well_unprotected","yes","no",,,,,"chemical none",0,1,0,1,,"dirty","yes","no_facility",,"no","yes","ground","anywhere",0,0,0,0,0,0,1,0,,7,"purchase",2,"purchase",7,"own_production",2,"own_production",0,,0,,5,"purchase",7,"purchase",7,"purchase",,"radio government conversation",1,1,0,1,0,0,"radio government conversation","not_very_much","not_very_much",,"a_lot",,,"radio",0,0,0,0,1,0,0,"radio",,,,,"a_lot",,,"rarely","flying",0,0,0,0,0,0,1,0,"dont_know","manure",0,0,1,0,0,0,0,"other",0,0,0,0,"grazing rest",1,1,0,0,0,"no_perception",0,0,0,0,1,,341721698,"34ecc3ace825465088d1c914a5a6c94a",,,,"Don't know","vJcmWt5muTEzVVXzLuBauC","uuid:d0843ff7-0d0a-411b-997b-e9883f71aefa","aJHgNDAqCFzoTX8EoppcsZ","d0843ff7-0d0a-411b-997b-e9883f71aefa","submitted_via_web",2024-05-22 17:14:33,,"dtra_nk",,,"Don't sell",,,,,,,,,,,"From government",,,,,,,,,,,,,,
2024-05-22 06:32:36.522,2024-05-22 17:14:20.209,2024-05-22,"collect:xrIEUbZY74xsroUV","2","samburu","ndoto","DHH010012","cattle sheep goats camels poultry donkeys",1,1,1,1,1,0,0,1,"own_stock livestock_markets",1,1,0,2,0,,,"prev_dis",1,0,0,"var",0,1,0,,,,,,,,,"own_stock livestock_markets",1,1,0,2,2,,,"prev_dis",1,0,0,"avail var",1,1,0,,,,,,,,,"own_stock",1,0,0,20,,,,"prev_dis",1,0,0,,,,,,,,,,,,,"own_stock",1,0,0,1,,,,"prev_dis",1,0,0,,,,,,,,,,,,,"livestock_markets",0,1,0,,2,,,,,,,"avail",1,0,0,,,,,,,,,"no",,,,,"communal_watering_point county_water",0,0,1,0,1,"yes","goats sheep",0,1,1,0,0,,,,,"sheep_traders",0,1,0,"goats_traders",0,1,0,,,,,,,,,,0,3,,,0,,7000,70000,,,"male old female",0,1,0,0,0,1,1,"yes","milk eggs meat blood manure",1,0,1,1,0,1,1,0,4,0,4,"no",,,,,,,,,"yes","goat_milk sheep_milk",1,0,0,1,,,,,,,,,,,2,0,2,"no",,,,,,,,,,,,,,,,,,,,,"other",0,0,0,0,0,0,0,"home",0,1,"none",0,0,0,0,0,0,0,0,0,0,1,,,,,,,,,"no","no","yes","old prod incur",1,1,1,0,0,"sold",1,0,0,"cost_replacement seasonality_replacement",1,1,0,0,0,0,0,0,0,0,0,"seasons_innovation",1,0,0,0,0,0,0,0,0,0,"unavailability_water",0,0,0,1,0,0,0,0,"other",0,0,0,0,0,0,0,0,0,"11 12",0,0,0,0,0,0,0,0,0,0,1,1,"drought climate",0,0,0,0,0,0,0,1,1,"rural_house",3,2,"no",,"dirt","dry_stone","mabati","constructed","communal_land","no",,,,,"no","no","no","no","no",,,,,,,"no","no","yes","yes",,"yes","yes","in_house","firewood","solar","well_unprotected","well_unprotected","yes","yes","tank",1,0,0,"none",0,0,0,1,,"dirty","yes","no_facility",,"no","yes","ground","burn",0,0,0,0,1,0,0,0,,7,"purchase",2,"purchase",7,"own_production",0,,0,,0,,7,"purchase",7,"purchase",7,"purchase",,"radio government conversation",1,1,0,1,0,0,"radio government conversation","a_little","not_very_much",,"a_little",,,"radio government",1,0,0,0,1,0,0,"radio government","a_little",,,,"a_little",,,"daily","flying",0,0,0,0,0,0,1,0,"no","no_contact",0,0,0,0,0,0,1,"other",0,0,0,0,"ns",0,0,0,0,1,"no_perception",0,0,0,0,1,,341721704,"34ecc3ace825465088d1c914a5a6c94a",,,,"Don't know","vJcmWt5muTEzVVXzLuBauC","uuid:b08dc863-787b-465c-8f2a-61f1b14bcd42","aJHgNDAqCFzoTX8EoppcsZ","b08dc863-787b-465c-8f2a-61f1b14bcd42","submitted_via_web",2024-05-22 17:14:34,,"dtra_nk",,,"Don't sell",,,,"Don't buy feeds",,,,,,,,,,,,,,,,,,,,,
2024-06-08 05:26:04.551,2024-06-08 17:09:33.88,2024-06-08,"collect:xrIEUbZY74xsroUV","2","samburu","wamba_north","DHH010013","cattle sheep goats camels poultry",1,1,1,1,1,0,0,0,"own_stock livestock_markets",1,1,0,7,0,,,"cost",0,0,1,"var",0,1,0,,,,,,,,,"livestock_markets own_stock",1,1,0,4,1,,,"cost prev_dis",1,0,1,"var",0,1,0,,,,,,,,,"own_stock",1,0,0,7,,,,"prev_dis cost",1,0,1,,,,,,,,,,,,,"own_stock",1,0,0,4,,,,"prev_dis cost",1,0,1,,,,,,,,,,,,,,,,,,,,,,,,,,,,,,,,,,,,,"no",,,,,"public_borehole communal_watering_point",1,0,1,0,0,"yes","cattle sheep goats camels",1,1,1,0,1,"cattle_traders",0,1,0,"sheep_traders",0,1,0,"goats_traders",0,1,0,"camel_traders",0,0,1,,,,,1,2,3,0,,0,60000,12000,55000,9000,,"male old",0,1,0,0,0,1,0,"yes","milk eggs",1,0,0,1,0,0,0,0,7,2,5,"yes",1,"ghee",0,0,0,0,1,0,"yes","camel_milk",0,1,0,0,12,8,7,"no",,,,,,,,,,,,,,,,,"temperature_raising",0,1,0,0,0,0,"milk_trader milk_shops milk_dairy",1,1,0,0,1,100,"other",0,0,0,0,0,0,0,,,,,,,,,,,,,,,,,,,,,,,,"no","no","yes","old prod finan",1,1,0,1,0,"sold",1,0,0,"cost_replacement distance_replacement insecurity_replacement",1,0,1,0,0,0,0,0,1,0,0,"seasons_innovation individual_seller_innovation",1,1,0,0,0,0,0,0,0,0,"distance_water unavailability_water",0,1,0,1,0,0,0,0,"cost_feed unavailability_feed seasonality",1,0,0,1,0,0,1,0,0,"7 6 4 5",0,0,0,1,1,1,1,0,0,0,0,0,"drought climate",0,0,0,0,0,0,0,1,1,"manyatta",2,1,"no",,"dirt","mud","thatch","constructed","communal_land","no",,,,,"no","no","no","no","no",,,,,,,"no","no","yes","no","yes","no","yes","in_house","firewood","solar","borehole","spring_protected","no","yes","closed_container",0,1,0,"none",0,0,0,1,,"very_clean","yes","no_facility",,"no","yes","ground","burn",0,0,0,0,1,0,0,0,,2,"purchase",2,"purchase",7,"own_production",0,,0,,0,,7,"purchase",7,"purchase",7,"purchase",,"radio conversation",0,1,0,1,0,0,"radio conversation",,"a_lot",,"not_very_much",,,"radio government conversation",1,0,1,0,1,0,0,"radio conversation government","not_very_much",,"a_lot",,"not_very_much",,,"rarely","building flying trees",0,0,0,0,1,1,1,0,"dont_know","waste",0,0,0,1,0,0,0,"other",0,0,0,0,"ns",0,0,0,0,1,"no_perception",0,0,0,0,1,,347246109,"34ecc3ace825465088d1c914a5a6c94a",,,,"Don't know","vJcmWt5muTEzVVXzLuBauC","uuid:14e527a4-3cb1-45aa-b992-cf4d4e61e221","aJHgNDAqCFzoTX8EoppcsZ","14e527a4-3cb1-45aa-b992-cf4d4e61e221","submitted_via_web",2024-06-08 17:10:15,,"dtra_nk",,,"Milk products not sold",,,,,,,,,,,,,,,,,,,,,,,,,
2024-06-08 09:09:55.823,2024-06-08 18:16:28.743,2024-06-08,"collect:DrbN4raTf8SDYfpt","2","samburu","wamba_north","DHH010014","cattle sheep goats camels poultry donkeys",1,1,1,1,1,0,0,1,"livestock_markets other_livestock_keepers",0,1,1,,0,0,,,,,,"cost var",0,1,1,"prev_dis cost",1,0,1,,,,,"livestock_markets other_livestock_keepers",0,1,1,,0,0,,,,,,"cost",0,0,1,"prev_dis cost",1,0,1,,,,,"livestock_markets other_livestock_keepers",0,1,1,,0,0,,,,,,"cost",0,0,1,"prev_dis cost",1,0,1,,,,,"livestock_markets other_livestock_keepers",0,1,1,,0,0,,,,,,"cost var",0,1,1,"prev_dis cost",1,0,1,,,,,"other_livestock_keepers",0,0,1,,,0,,,,,,,,,,"cost",0,0,1,,,,,"no",,,,,"public_borehole communal_watering_point",1,0,1,0,0,"yes","cattle sheep goats camels",1,1,1,0,1,"cattle_traders other_cattle_keepers butchers_cattle",1,1,1,"sheep_traders other_sheep_buyers butchers_sheep",1,1,1,"butchers_goats goats_traders other_goat_keepers",1,1,1,"other_camel_keepers_buy camel_traders",0,1,1,,,,,3,2,10,0,,0,60000,15000,70000,9000,,"male old",0,1,0,0,0,1,0,"yes","milk",1,0,0,0,0,0,0,0,10,0,10,"no",,,,,,,,,"yes","camel_milk goat_milk sheep_milk",1,1,0,1,8,0,8,"no",,,,,,,8,0,8,"no",,,,,,,,,,,,,,,,,,,,,"other",0,0,0,0,0,0,100,,,,,,,,,,,,,,,,,,,,,,,,"no","no","no",,,,,,,"slaughter_home",0,1,0,"cost_replacement seasonality_replacement sick_replacement time_replacement legal_replacement insecurity_replacement distance_replacement availability_replacement predators_replacement food_water_replacement",1,1,1,1,1,1,1,1,1,1,0,"seasons_innovation individual_seller_innovation time_innovation treat_innovation manpower_innovation market_innovation seller_innovation",1,1,1,1,1,0,1,0,0,1,"diseases_water unavailability_water sec pred",0,0,1,1,0,0,1,1,"distance_feed cost_feed unavailability_feed diseases_feed seasonality sec pred",1,1,1,1,0,0,1,1,1,"8 11 10 5 7",0,0,0,0,1,0,1,1,0,1,1,0,"vet_barriers input_barriers insecurity drought climate",1,1,0,0,0,0,1,1,1,"manyatta",2,1,"no",,"dirt","mud","mud_dung","constructed","communal_land","no",,,,,"no","no","no","no","no",,,,,,,"no","no","yes","yes",,"no","yes","in_house","firewood","other","borehole","surface_water","no","no",,,,,"boiling",1,0,0,0,"all","clean","yes","no_facility",,"no","yes","other","anywhere",0,0,0,0,0,0,1,0,,3,"purchase",1,"purchase",1,"own_production",1,"purchase",2,"purchase",0,,0,,1,"purchase",1,"purchase",,"radio conversation government telephone",1,1,1,1,0,0,"government conversation telephone radio","a_little","a_little","a_little","a_lot",,,"government health_pro conversation radio telephone",1,1,1,1,1,0,0,"government health_pro conversation telephone radio","a_little","a_lot","a_little","a_little","a_lot",,,"rarely","water homestead caves trees building livestock",1,1,1,1,1,1,0,0,"no","no_contact",0,0,0,0,0,0,1,"other",0,0,0,0,"grazing",1,0,0,0,0,"no_perception",0,0,0,0,1,,347261925,"34ecc3ace825465088d1c914a5a6c94a",,,,"None","vJcmWt5muTEzVVXzLuBauC","uuid:756de9d2-47c6-4ee2-875f-545090c835cb","aJHgNDAqCFzoTX8EoppcsZ","756de9d2-47c6-4ee2-875f-545090c835cb","submitted_via_web",2024-06-08 18:23:18,,"dtra_nk",,,"None",,,,,,,,,,,,,,,,,"Torch and firewood","Just power away",,,,,,,
2024-06-09 04:41:56.093,2024-06-09 17:01:16.375,2024-06-09,"collect:xrIEUbZY74xsroUV","2","samburu","wamba_north","DHH010015","cattle camels poultry",1,0,0,1,1,0,0,0,"own_stock",1,0,0,7,,,,"cost",0,0,1,,,,,,,,,,,,,,,,,,,,,,,,,,,,,,,,,,,,,,,,,,,,,,,,,,,,,,,,,,,,,"own_stock livestock_markets",1,1,0,1,1,,,"cost",0,0,1,"var",0,1,0,,,,,,,,,,,,,,,,,,,,,,,,,,,,,,,,,"no",,,,,"public_borehole communal_watering_point",1,0,1,0,0,"yes","sheep goats",0,1,1,0,0,,,,,"sheep_traders",0,1,0,"goats_traders",0,1,0,,,,,,,,,,10,15,,,0,,12000,60000,,,"male old",0,1,0,0,0,1,0,"yes","milk meat eggs",1,0,1,1,0,0,0,0,14,0,14,"yes",2,"ghee butter",1,0,0,0,1,0,"yes","camel_milk",0,1,0,0,4,0,4,"no",,,,,,,,,,,,,,,,,"temperature_raising",0,1,0,0,0,0,,,,,,,,"other",0,0,0,0,0,0,0,"home",0,1,"none",0,0,0,0,0,0,0,0,0,0,1,,,,,,,,,"no","no","yes","old finan",1,0,0,1,0,"sold",1,0,0,"seasonality_replacement",0,1,0,0,0,0,0,0,0,0,0,"seasons_innovation individual_seller_innovation",1,1,0,0,0,0,0,0,0,0,"unavailability_water",0,0,0,1,0,0,0,0,"unavailability_feed",0,0,0,1,0,0,0,0,0,"11 10 9 4 5 6 7 8",0,0,0,1,1,1,1,1,1,1,1,0,"drought climate insecurity",0,0,0,0,0,0,1,1,1,"manyatta",2,1,"no",,"dirt","mud","mud_dung","constructed","communal_land","no",,,,,"no","no","no","no","no",,,,,,,"no","no","yes","yes",,"no","yes","in_house","firewood","solar","borehole","borehole","no","yes","closed_container",0,1,0,"none",0,0,0,1,,"very_clean","yes","no_facility",,"no","yes","ground","burn anywhere",0,0,0,0,1,0,1,0,,3,"purchase",3,"purchase",7,"own_production",0,,2,"purchase",2,"purchase",7,"purchase",7,"purchase",7,"purchase",,"conversation radio government",1,1,0,1,0,0,"government radio conversation","not_very_much","not_very_much",,"not_very_much",,,"government conversation radio",1,0,1,0,1,0,0,"government radio conversation","a_little",,"a_little",,"a_lot",,,"rarely","water flying",1,0,0,0,0,0,1,0,"dont_know","no_contact",0,0,0,0,0,0,1,"other",0,0,0,0,"ns",0,0,0,0,1,"no_perception",0,0,0,0,1,,347459514,"34ecc3ace825465088d1c914a5a6c94a",,,,"Don't know","vJcmWt5muTEzVVXzLuBauC","uuid:5ac8fa87-5fd2-4042-96a6-67aa5e9f79df","aJHgNDAqCFzoTX8EoppcsZ","5ac8fa87-5fd2-4042-96a6-67aa5e9f79df","submitted_via_web",2024-06-09 17:01:33,,"dtra_nk",,,"Do not sell milk",,,,,,,,,,,,,,,,,,,,,,,,,
2024-06-09 07:41:43.575,2024-06-09 17:01:22.07,2024-06-09,"collect:xrIEUbZY74xsroUV","2","samburu","wamba_north","DHH010016","cattle sheep goats poultry",1,1,1,0,1,0,0,0,"other own_stock livestock_markets",1,1,0,0,0,,0,"other",0,0,0,"other",0,0,0,,,,,"other",0,0,0,"own_stock livestock_markets",1,1,0,0,0,,,"other",0,0,0,"other",0,0,0,,,,,,,,,"own_stock livestock_markets",1,1,0,13,3,,,"cost",0,0,1,"cost var avail other",1,1,1,,,,,,,,,,,,,,,,,,,,,,,,,,,,,,,,,,,,,,,,,,,,,,,,,,,,,,,,,"yes","market farms",0,1,1,"public_borehole communal_watering_point",1,0,1,0,0,"yes","sheep goats",0,1,1,0,0,,,,,"sheep_traders",0,1,0,"goats_traders",0,1,0,,,,,,,,,,4,10,,,0,,12000,70000,,,"male",0,0,0,0,0,1,0,"yes","milk meat eggs blood",1,0,1,1,0,1,0,0,0,0,0,"no",,,,,,,,,"yes","goat_milk",1,0,0,0,,,,,,,,,,,6,0,6,"no",,,,,,,,,,,,,,,,,,,,,"other",0,0,0,0,0,0,0,"home",0,1,"none",0,0,0,0,0,0,0,0,0,0,1,,,,,,,,,"no","no","yes","old finan",1,0,0,1,0,"sold slaughter_home",1,1,0,"cost_replacement seasonality_replacement",1,1,0,0,0,0,0,0,0,0,0,"other",0,0,0,0,0,0,0,0,0,0,"unavailability_water",0,0,0,1,0,0,0,0,"cost_feed distance_feed unavailability_feed",1,1,0,1,0,0,0,0,0,"3 8 10 11",0,0,1,0,0,0,0,1,0,1,1,0,"drought climate insecurity",0,0,0,0,0,0,1,1,1,"manyatta",2,1,"no",,"dirt","mud","mud_dung","constructed","communal_land","no",,,,,"no","yes","no","no","no",,,,,,,"no","no","no","yes",,"yes","yes","in_house","firewood","solar","borehole","well_protected","yes","yes","closed_container",0,1,0,"none",0,0,0,1,,"very_clean","yes","no_facility",,"no","yes","ground","burn anywhere",0,0,0,0,1,0,1,0,,3,"purchase",3,"purchase",7,"own_production",2,"own_production",3,"purchase",0,,7,"purchase",7,"purchase",7,"purchase",,"radio conversation",0,1,0,1,0,0,"conversation radio",,"not_very_much",,"a_little",,,"radio health_pro",0,1,0,0,1,0,0,"radio health_pro",,"a_little",,,"not_very_much",,,"daily","water building flying",1,0,0,0,0,1,1,0,"dont_know","waste",0,0,0,1,0,0,0,"snakes",0,0,1,0,"rest grazing",1,1,0,0,0,"no_perception",0,0,0,0,1,,347459518,"34ecc3ace825465088d1c914a5a6c94a",,,,,"vJcmWt5muTEzVVXzLuBauC","uuid:1f1c0fb5-b9b6-4b07-8fd9-cc38a52ec782","aJHgNDAqCFzoTX8EoppcsZ","1f1c0fb5-b9b6-4b07-8fd9-cc38a52ec782","submitted_via_web",2024-06-09 17:01:34,,"dtra_nk",,,"Don't sell",,,"Assess the health status of individual animals",,,,"Didn't replace","Didn't replace",,,,,,,,,,,"Didn't replace","Didn't replace","Didn't replace","Didn't replace","You can get mature animals",,
2024-06-10 04:32:35.544,2024-06-10 17:56:06.936,2024-06-10,"collect:xrIEUbZY74xsroUV","2","samburu","wamba_north","DHH010017","cattle sheep goats camels",1,1,1,1,0,0,0,0,"own_stock livestock_markets",1,1,0,10,2,,,"prev_dis cost",1,0,1,"var avail",1,1,0,,,,,,,,,"own_stock",1,0,0,10,,,,"prev_dis cost",1,0,1,,,,,,,,,,,,,"own_stock",1,0,0,20,,,,"prev_dis cost",1,0,1,,,,,,,,,,,,,"own_stock",1,0,0,3,,,,"prev_dis cost",1,0,1,,,,,,,,,,,,,,,,,,,,,,,,,,,,,,,,,,,,,"yes","market",0,0,1,"public_borehole communal_watering_point",1,0,1,0,0,"yes","cattle sheep goats camels",1,1,1,0,1,"cattle_traders",0,1,0,"sheep_traders other_sheep_buyers",0,1,1,"goats_traders other_goat_keepers",0,1,1,"other_camel_keepers_buy camel_traders",0,1,1,,,,,1,3,20,0,,0,60000,15000,50000,10000,,"male old",0,1,0,0,0,1,0,"yes","milk meat blood",1,0,1,0,0,1,0,0,20,0,20,"yes",5,"butter ghee",1,0,0,0,1,0,"yes","goat_milk camel_milk",1,1,0,0,4,0,4,"yes",2,"sour_milk_camel",1,0,0,0,4,4,4,"no",,,,,,,"lowering_ph temperature_raising",0,1,0,0,1,0,"other",0,0,0,0,0,0,"other",0,0,0,0,0,0,0,"home",0,1,"none",0,0,0,0,0,0,0,0,0,0,1,,,,,,,,,"no","no","yes","old finan",1,0,0,1,0,"sold",1,0,0,"cost_replacement seasonality_replacement",1,1,0,0,0,0,0,0,0,0,0,"time_innovation individual_seller_innovation seller_innovation",0,1,1,0,0,0,1,0,0,0,"unavailability_water",0,0,0,1,0,0,0,0,"cost_feed distance_feed unavailability_feed",1,1,0,1,0,0,0,0,0,"7 10 11",0,0,0,0,0,0,1,0,0,1,1,0,"drought climate insecurity",0,0,0,0,0,0,1,1,1,"manyatta",2,1,"no",,"dirt","mud","mud_dung","constructed","communal_land","no",,,,,"no","no","no","no","no",,,,,,,"no","no","no","yes",,"no","yes","in_house","firewood","solar","borehole","borehole","no","yes","closed_container",0,1,0,"none",0,0,0,1,,"very_clean","yes","no_facility",,"no","yes","ground","burn",0,0,0,0,1,0,0,0,,7,"purchase",7,"purchase",7,"own_production",3,"own_production",0,,0,,7,"purchase",7,"purchase",7,"purchase",,"radio conversation",0,1,0,1,0,0,"radio conversation",,"a_lot",,"not_very_much",,,"radio conversation",0,0,1,0,1,0,0,"conversation radio",,,"a_little",,"not_very_much",,,"weekly","water homestead building flying",1,0,1,0,0,1,1,0,"dont_know","waste",0,0,0,1,0,0,0,"snakes",0,0,1,0,"ns",0,0,0,0,1,"no_perception",0,0,0,0,1,,347814089,"34ecc3ace825465088d1c914a5a6c94a",,,,,"vJcmWt5muTEzVVXzLuBauC","uuid:4d206902-b8e8-4db0-b78b-88041c1d3a51","aJHgNDAqCFzoTX8EoppcsZ","4d206902-b8e8-4db0-b78b-88041c1d3a51","submitted_via_web",2024-06-10 17:56:16,,"dtra_nk",,,"Don't sell",,,,,,,,,,,,,,,,,,,,,,,,"Don't sell",
2024-06-10 06:46:29.923,2024-06-10 18:14:29.798,2024-06-10,"collect:DrbN4raTf8SDYfpt","2","samburu","wamba_north","DHH010018","sheep goats camels poultry",0,1,1,1,1,0,0,0,,,,,,,,,,,,,,,,,,,,,,,,,"livestock_markets other_livestock_keepers",0,1,1,,1,1,,,,,,"cost var",0,1,1,"prev_dis cost",1,0,1,,,,,"livestock_markets other_livestock_keepers",0,1,1,,0,0,,,,,,"var cost",0,1,1,"prev_dis cost avail",1,1,1,,,,,"livestock_markets other_livestock_keepers",0,1,1,,0,0,,,,,,"var cost",0,1,1,"prev_dis cost",1,0,1,,,,,,,,,,,,,,,,,,,,,,,,,,,,,"no",,,,,"public_borehole communal_watering_point",1,0,1,0,0,"yes","goats sheep cattle",1,1,1,0,0,"cattle_traders butchers_cattle other_cattle_keepers",1,1,1,"butchers_sheep sheep_traders other_sheep_buyers",1,1,1,"butchers_goats goats_traders other_goat_keepers",1,1,1,,,,,,,,,2,0,8,,,1,50000,8000,50000,,,"old male sick",1,1,0,0,0,1,0,"yes","milk",1,0,0,0,0,0,0,0,,,,,,,,,,,,,"no",,,,,,,,,,,,,,,,,,,,,,,,,,,,,,,,,,,,,,,,"milk_product_neighbours",0,0,0,0,1,0,80,,,,,,,,,,,,,,,,,,,,,,,,"no","no","yes","incur old prod finan",1,1,1,1,0,"sold slaughter_home",1,1,0,"cost_replacement seasonality_replacement distance_replacement sick_replacement predators_replacement insecurity_replacement food_water_replacement",1,1,1,1,0,0,0,1,1,1,0,"time_innovation treat_innovation seller_innovation market_innovation seasons_innovation",1,0,1,1,0,0,1,0,0,1,"distance_water diseases_water pred sec",0,1,1,0,0,0,1,1,"distance_feed unavailability_feed sec pred cost_feed seasonality",1,1,0,1,0,0,1,1,1,"11 9 7 5 8 10",0,0,0,0,1,0,1,1,1,1,1,0,"vet_barriers input_barriers financial_barriers insecurity drought climate",1,1,0,0,0,1,1,1,1,"manyatta",2,1,"no",,"dirt","mud","mud_dung","constructed","communal_land","no",,,,,"no","no","no","no","no",,,,,,,"no","no","yes","no","yes","no","yes","in_house","firewood","other","borehole","rainwater","no","no",,,,,"none",0,0,0,1,,"very_clean","yes","no_facility",,"no","yes","other","anywhere",0,0,0,0,0,0,1,0,,2,"purchase",1,"purchase",0,,0,,0,,0,,0,,0,,0,,,"conversation telephone radio government",1,1,1,1,0,0,"government conversation telephone radio","a_little","a_little","a_little","a_lot",,,"government health_pro conversation telephone radio",1,1,1,1,1,0,0,"government health_pro conversation telephone radio","a_little","a_lot","a_little","a_little","a_lot",,,"rarely","caves building livestock flying",0,1,0,1,0,1,1,0,"no","no_contact",0,0,0,0,0,0,1,"owl",0,1,0,0,"grazing",1,0,0,0,0,"disease_carrier",0,0,1,0,0,,347819314,"34ecc3ace825465088d1c914a5a6c94a",,,,,"vJcmWt5muTEzVVXzLuBauC","uuid:f07f48b3-bcea-428d-89e0-c847e634ab59","aJHgNDAqCFzoTX8EoppcsZ","f07f48b3-bcea-428d-89e0-c847e634ab59","submitted_via_web",2024-06-10 18:16:10,,"dtra_nk",,,,,,,,,,,,,,,,,,,,"Torch and firewood","Left in open around the house",,,,,,,
2024-06-12 05:09:50.459,2024-06-12 16:56:08.79,2024-06-12,"collect:xrIEUbZY74xsroUV","2","samburu","wamba_north","DHH010019","cattle sheep goats camels",1,1,1,1,0,0,0,0,"own_stock other",1,0,0,3,,,0,"cost",0,0,1,,,,,,,,,"other",0,0,0,"own_stock",1,0,0,1,,,,"cost",0,0,1,,,,,,,,,,,,,"own_stock",1,0,0,1,,,,"cost",0,0,1,,,,,,,,,,,,,"other",0,0,0,,,,0,,,,,,,,,,,,,"other",0,0,0,,,,,,,,,,,,,,,,,,,,,,,,,"no",,,,,"communal_watering_point",0,0,1,0,0,"yes","cattle sheep goats",1,1,1,0,0,"cattle_traders",0,1,0,"sheep_traders",0,1,0,"goats_traders",0,1,0,,,,,,,,,2,2,3,,,0,50000,10000,70000,,,"old male",0,1,0,0,0,1,0,"yes","milk meat",1,0,1,0,0,0,0,0,2,0,2,"no",,,,,,,,,"no",,,,,,,,,,,,,,,,,,,,,,,,,,,,,,,,,,,,,,,,"other",0,0,0,0,0,0,0,"home",0,1,"none",0,0,0,0,0,0,0,0,0,0,1,,,,,,,,,"no","no","yes","old finan",1,0,0,1,0,"sold",1,0,0,"food_water_replacement",0,0,0,0,0,0,0,0,0,1,0,"seasons_innovation individual_seller_innovation",1,1,0,0,0,0,0,0,0,0,"other",0,0,0,0,0,0,0,0,"unavailability_feed cost_feed",1,0,0,1,0,0,0,0,0,"6 2 3",0,1,1,0,0,1,0,0,0,0,0,0,"insecurity drought climate other",0,0,0,0,0,0,1,1,1,"manyatta",2,1,"no",,"dirt","mud","mud_dung","constructed","communal_land","no",,,,,"no","no","no","no","no",,,,,,,"no","no","no","no","yes","no","yes","in_house","firewood","other","surface_water","surface_water","yes","no",,,,,"none",0,0,0,1,,"very_clean","yes","no_facility",,"no","yes","ground","burn anywhere",0,0,0,0,1,0,1,0,,7,"purchase",0,,7,"own_production",2,"gift",0,,0,,0,,3,"purchase",3,"purchase",,"conversation",0,1,0,0,0,0,"conversation",,"not_very_much",,,,,"conversation",0,0,1,0,0,0,0,"conversation",,,"not_very_much",,,,,"rarely","water flying",1,0,0,0,0,0,1,0,"dont_know","waste manure",0,0,1,1,0,0,0,"other",0,0,0,0,"ns",0,0,0,0,1,"no_perception",0,0,0,0,1,,348593629,"34ecc3ace825465088d1c914a5a6c94a","No challenges that relate to water","Rampant plant poisoning in the area is the biggest threat to cattle keeping in the area",,"Don't know","vJcmWt5muTEzVVXzLuBauC","uuid:53e33b68-e6c1-4cff-85b1-219b9a7fb007","aJHgNDAqCFzoTX8EoppcsZ","53e33b68-e6c1-4cff-85b1-219b9a7fb007","submitted_via_web",2024-06-12 16:56:18,,"dtra_nk",,,"Don't sell",,,,,,,,,,,,,,,"The camel was given by the county government","It was a county government support","Uses phones for lighting as well",,"Camel was given by the county government",,"Didn't replace",,,,
2024-06-12 07:50:02.874,2024-06-12 12:58:31.392,2024-06-12,"collect:DrbN4raTf8SDYfpt","2","samburu","wamba_north","DHH010020","cattle sheep goats camels poultry donkeys",1,1,1,1,1,0,0,1,"livestock_markets other_livestock_keepers",0,1,1,,0,0,,,,,,"cost var",0,1,1,"cost prev_dis",1,0,1,,,,,"livestock_markets other_livestock_keepers",0,1,1,,0,0,,,,,,"cost var",0,1,1,"prev_dis cost",1,0,1,,,,,"livestock_markets other_livestock_keepers",0,1,1,,6,3,,,,,,"var cost",0,1,1,"cost prev_dis",1,0,1,,,,,"livestock_markets other_livestock_keepers",0,1,1,,0,0,,,,,,"var cost",0,1,1,"prev_dis cost",1,0,1,,,,,"other_livestock_keepers",0,0,1,,,1,,,,,,,,,,"prev_dis cost",1,0,1,,,,,"no",,,,,"communal_watering_point public_borehole",1,0,1,0,0,"yes","cattle goats sheep",1,1,1,0,0,"cattle_traders butchers_cattle other_cattle_keepers",1,1,1,"butchers_sheep sheep_traders other_sheep_buyers",1,1,1,"butchers_goats goats_traders other_goat_keepers",1,1,1,,,,,,,,,1,4,2,,,0,60000,15000,80000,,,"male old",0,1,0,0,0,1,0,"yes","milk",1,0,0,0,0,0,0,0,5,0,5,"no",,,,,,,,,"yes","goat_milk camel_milk sheep_milk",1,1,0,1,20,0,20,"no",,,,,,,2,0,2,"no",,,,,,,,,,,,,,,,,,,,,"milk_product_neighbours",0,0,0,0,1,0,40,,,,,,,,,,,,,,,,,,,,,,,,"no","no","yes","old prod finan incur",1,1,1,1,0,"sold slaughter_home",1,1,0,"cost_replacement seasonality_replacement distance_replacement predators_replacement food_water_replacement insecurity_replacement",1,1,1,0,0,0,0,1,1,1,0,"individual_seller_innovation market_innovation seller_innovation treat_innovation time_innovation",0,1,1,1,0,0,1,0,0,1,"distance_water unavailability_water pred",0,1,0,1,0,0,1,0,"distance_feed seasonality pred",0,1,0,0,0,0,1,0,1,"11 8 3 9 10",0,0,1,0,0,0,0,1,1,1,1,0,"drought climate vet_barriers input_barriers insecurity",1,1,0,0,0,0,1,1,1,"apartment_urban_housing",2,1,"no",,"cement","stone_mortar","mabati","constructed","communal_land","no",,,,,"no","yes","no","no","no",,,,,,,"no","no","yes","yes",,"yes","yes","separate_building","firewood","other","well_protected","well_unprotected","no","no",,,,,"none",0,0,0,1,,"clean","yes","no_facility",,"no","yes","ground","burn",0,0,0,0,1,0,0,0,,2,"purchase",1,"purchase",1,"own_production",2,"own_production",1,"purchase",0,,0,,1,"purchase",0,,,"radio telephone conversation government",1,1,1,1,0,0,"government conversation telephone radio","a_little","a_little","a_lot","a_lot",,,"government health_pro conversation radio",1,1,1,0,1,0,0,"government health_pro conversation radio","a_lot","a_lot","a_little",,"a_lot",,,"daily","building flying livestock",0,1,0,0,0,1,1,0,"no","no_contact",0,0,0,0,0,0,1,"other",0,0,0,0,"grazing",1,0,0,0,0,"no_perception",0,0,0,0,1,,348879242,"34ecc3ace825465088d1c914a5a6c94a",,,,"None","vJcmWt5muTEzVVXzLuBauC","uuid:a93d3295-d916-4498-8d5a-9025b4b1a8f7","aJHgNDAqCFzoTX8EoppcsZ","a93d3295-d916-4498-8d5a-9025b4b1a8f7","submitted_via_web",2024-06-13 12:01:00,,"dtra_nk",,,,,,,,,,,,,,,,,,,,"Torch and solar charged lamps",,,,,,,,
2024-06-13 07:07:19.376,2024-06-13 15:17:39.819,2024-06-13,"collect:DrbN4raTf8SDYfpt","2","samburu","wamba_north","DHH010022","cattle sheep goats camels poultry",1,1,1,1,1,0,0,0,"own_stock livestock_markets other_livestock_keepers",1,1,1,2,0,2,,"cost prev_dis",1,0,1,"var cost",0,1,1,"prev_dis cost",1,0,1,,,,,"livestock_markets other_livestock_keepers own_stock",1,1,1,4,0,2,,"prev_dis cost",1,0,1,"cost var",0,1,1,"prev_dis cost",1,0,1,,,,,"own_stock livestock_markets other_livestock_keepers",1,1,1,5,0,2,,"prev_dis cost",1,0,1,"cost var",0,1,1,"prev_dis cost",1,0,1,,,,,"own_stock livestock_markets other_livestock_keepers",1,1,1,1,0,1,,"prev_dis cost",1,0,1,"var cost",0,1,1,"prev_dis cost",1,0,1,,,,,,,,,,,,,,,,,,,,,,,,,,,,,"no",,,,,"communal_watering_point",0,0,1,0,0,"yes","cattle goats sheep",1,1,1,0,0,"cattle_traders other_cattle_keepers",0,1,1,"sheep_traders other_sheep_buyers",0,1,1,"goats_traders other_goat_keepers",0,1,1,,,,,,,,,1,4,8,,,0,60000,12000,70000,,,"male old",0,1,0,0,0,1,0,"yes","milk eggs",1,0,0,1,0,0,0,0,5,0,5,"no",,,,,,,,,"no",,,,,,,,,,,,,,,,,,,,,,,,,,,,,,,,,,,,,,,,"other",0,0,0,0,0,0,0,,,,,,,,,,,,,,,,,,,,,,,,"no","no","yes","old prod finan weath",1,1,0,1,1,"sold slaughter_home",1,1,0,"cost_replacement seasonality_replacement distance_replacement food_water_replacement predators_replacement",1,1,1,0,0,0,0,1,0,1,0,"seasons_innovation individual_seller_innovation treat_innovation seller_innovation market_innovation",1,1,0,1,0,0,1,0,0,1,"distance_water diseases_water pred unavailability_water",0,1,1,1,0,0,1,0,"distance_feed unavailability_feed sec seasonality pred",0,1,0,1,0,0,1,1,1,"8 9 10 11 1",1,0,0,0,0,0,0,1,1,1,1,0,"input_barriers customer_barriers financial_barriers insecurity drought climate vet_barriers",1,1,1,0,0,1,1,1,1,"manyatta",2,1,"no",,"dirt","mud","mud_dung","constructed","communal_land","no",,,,,"no","no","no","no","no",,,,,,,"no","no","yes","no","yes","no","yes","in_house","firewood","other","well_protected","well_protected","no","no",,,,,"none",0,0,0,1,,"clean","yes","no_facility",,"no","yes","ground","anywhere",0,0,0,0,0,0,1,0,,2,"purchase",1,"purchase",2,"own_production",1,"own_production",0,,0,,0,,1,"purchase",1,"purchase",,"radio government conversation telephone",1,1,1,1,0,0,"government conversation telephone radio","a_little","a_lot","a_little","a_little",,,"government health_pro radio telephone conversation",1,1,1,1,1,0,0,"government health_pro conversation telephone radio","a_lot","a_little","a_little","a_little","a_lot",,,"daily","flying building",0,0,0,0,0,1,1,0,"dont_know","no_contact",0,0,0,0,0,0,1,"other",0,0,0,0,"no",0,0,0,1,0,"no_perception",0,0,0,0,1,,348992281,"34ecc3ace825465088d1c914a5a6c94a",,,,"None","vJcmWt5muTEzVVXzLuBauC","uuid:cf68777a-8dcf-4912-a585-04ca9895c262","aJHgNDAqCFzoTX8EoppcsZ","cf68777a-8dcf-4912-a585-04ca9895c262","submitted_via_web",2024-06-13 16:08:57,,"dtra_nk",,,"Don't sell milk",,,,,,,,,,,,,,,,,"Torch and solar lamps",,,,,,,,
2024-06-13 04:38:40.414,2024-06-13 16:11:05.503,2024-06-13,"collect:xrIEUbZY74xsroUV","2","samburu","wamba_north","DHH010021","cattle sheep goats camels donkeys",1,1,1,1,0,0,0,1,"own_stock",1,0,0,3,,,,"cost",0,0,1,,,,,,,,,,,,,"own_stock",1,0,0,1,,,,"cost",0,0,1,,,,,,,,,,,,,"own_stock",1,0,0,5,,,,"cost",0,0,1,,,,,,,,,,,,,"own_stock",1,0,0,1,,,,"cost",0,0,1,,,,,,,,,,,,,"own_stock",1,0,0,1,,,,"cost",0,0,1,,,,,,,,,,,,,"no",,,,,"communal_watering_point",0,0,1,0,0,"yes","sheep goats",0,1,1,0,0,,,,,"sheep_traders",0,1,0,"goats_traders",0,1,0,,,,,,,,,,5,10,,,0,,10000,60000,,,"old male",0,1,0,0,0,1,0,"yes","milk blood hides meat manure",1,0,1,0,1,1,1,0,6,0,6,"yes",2,"butter ghee tea mala",1,0,1,0,1,1,"yes","goat_milk",1,0,0,0,,,,,,,,,,,1,0,1,"no",,,,,,,"temperature_raising lowering_ph water_activity_lowering",0,1,1,0,1,0,,,,,,,,"other",0,0,0,0,0,0,0,"home",0,1,"none",0,0,0,0,0,0,0,0,0,0,1,,,,,,,,,"no","no","yes","old finan",1,0,0,1,0,"sold",1,0,0,"cost_replacement seasonality_replacement",1,1,0,0,0,0,0,0,0,0,0,"individual_seller_innovation market_innovation",0,1,0,0,0,0,0,0,0,1,"other",0,0,0,0,0,0,0,0,"seasonality",0,0,0,0,0,0,1,0,0,"7 9 10 11 12",0,0,0,0,0,0,1,0,1,1,1,1,"vet_barriers drought climate",1,0,0,0,0,0,0,1,1,"manyatta",2,1,"no",,"dirt","mud","mud_dung","constructed","communal_land","no",,,,,"no","no","no","no","no",,,,,,,"no","no","yes","no","yes","no","yes","separate_building","firewood","solar","surface_water","surface_water","yes","yes","closed_container",0,1,0,"none",0,0,0,1,,"very_clean","yes","no_facility",,"no","yes","ground","burn anywhere",0,0,0,0,1,0,1,0,,7,"purchase",0,,7,"own_production",0,,2,"purchase",0,,7,"purchase",7,"purchase",7,"purchase",,"telephone radio conversation",0,1,1,1,0,0,"radio telephone conversation",,"not_very_much","not_very_much","a_lot",,,"telephone radio conversation",0,0,1,1,1,0,0,"radio telephone conversation",,,"not_very_much","a_little","a_lot",,,"monthly","flying water",1,0,0,0,0,0,1,0,"dont_know","waste manure",0,0,1,1,0,0,0,"other",0,0,0,0,"ns",0,0,0,0,1,"no_perception",0,0,0,0,1,,348993237,"34ecc3ace825465088d1c914a5a6c94a","No challenges regarding water",,,"Don't know","vJcmWt5muTEzVVXzLuBauC","uuid:b98a2adf-12ce-4cad-96c9-35369aafa1ad","aJHgNDAqCFzoTX8EoppcsZ","b98a2adf-12ce-4cad-96c9-35369aafa1ad","submitted_via_web",2024-06-13 16:11:14,,"dtra_nk",,,"Don't sell",,,,,,,,,,,,,,,,,,,,,,,,,
2024-06-14 04:13:04.981,2024-06-14 17:59:40.676,2024-06-14,"collect:xrIEUbZY74xsroUV","2","samburu","wamba_north","DHH010023","cattle sheep goats donkeys",1,1,1,0,0,0,0,1,"own_stock livestock_markets",1,1,0,1,0,,,"cost",0,0,1,"other",0,0,0,,,,,,,,,"own_stock livestock_markets",1,1,0,2,1,,,"cost prev_dis",1,0,1,"var",0,1,0,,,,,,,,,"own_stock livestock_markets",1,1,0,4,1,,,"cost prev_dis",1,0,1,"var",0,1,0,,,,,,,,,,,,,,,,,,,,,,,,,,,,,,,,,"other",0,0,0,,,,0,,,,,,,,,,,,,"cost avail",0,1,1,"no",,,,,"communal_watering_point",0,0,1,0,0,"yes","goats",0,0,1,0,0,,,,,,,,,"goats_traders",0,1,0,,,,,,,,,,,10,,,0,,,90000,,,"male old",0,1,0,0,0,1,0,"yes","milk meat hides blood manure",1,0,1,0,1,1,1,0,2,0,0,"no",,,,,,,,,"yes","goat_milk",1,0,0,0,,,,,,,,,,,1,0,1,"no",,,,,,,,,,,,,,,,,,,,,"other",0,0,0,0,0,0,0,"home",0,1,"dried blood",0,1,0,0,0,1,0,0,0,0,0,"other",0,0,0,0,0,0,0,"no","no","yes","old finan",1,0,0,1,0,"sold",1,0,0,"cost_replacement seasonality_replacement",1,1,0,0,0,0,0,0,0,0,0,"individual_seller_innovation market_innovation other",0,1,0,0,0,0,0,0,0,1,"other",0,0,0,0,0,0,0,0,"seasonality",0,0,0,0,0,0,1,0,0,"6 7 5",0,0,0,0,1,1,1,0,0,0,0,0,"drought climate vet_barriers other",1,0,0,0,0,0,0,1,1,"manyatta",2,1,"no",,"dirt","mud","mud_dung","constructed","communal_land","no",,,,,"no","no","no","no","no",,,,,,,"no","no","yes","yes",,"no","yes","in_house","firewood","solar","surface_water","surface_water","yes","yes","closed_container open_container",0,1,1,"none",0,0,0,1,,"very_clean","yes","no_facility",,"no","yes","ground","burn",0,0,0,0,1,0,0,0,,7,"purchase",2,"purchase",7,"own_production",2,"gift",0,,0,,3,"purchase",7,"purchase",7,"purchase",,"conversation radio telephone",0,1,1,1,0,0,"telephone conversation radio",,"a_little","a_little","a_lot",,,"radio telephone conversation",0,0,1,1,1,0,0,"telephone conversation radio",,,"a_little","a_little","a_lot",,,"weekly","water flying caves trees",1,0,0,1,1,0,1,0,"dont_know","no_contact",0,0,0,0,0,0,1,"other",0,0,0,0,"ns",0,0,0,0,1,"no_perception",0,0,0,0,1,,349395680,"34ecc3ace825465088d1c914a5a6c94a","Not water challenges","Common diseases",,"Don't know","vJcmWt5muTEzVVXzLuBauC","uuid:adb6bac9-6a24-4ab2-928e-2a98c26d20cb","aJHgNDAqCFzoTX8EoppcsZ","adb6bac9-6a24-4ab2-928e-2a98c26d20cb","submitted_via_web",2024-06-14 18:00:07,,"dtra_nk",,,"Don't sell","Don't sell",,"Buying from local livestock keepers",,,,,,,,,,,,,,,,,"Didn't replace from livestock markets",,,,,"Didn't replace"
